# physical_name	recovered_original_name	origin	status
oxxxde/آ	kotakbaz/rain/ui/menu/settings/ModuleSettingComponent	kotlin-class-map.tsv	accepted
oxxxde/إ	kotakbaz/rain/config/ConfigManager$SettingUpdate	kotlin-class-map.tsv	accepted
oxxxde/ئ	kotakbaz/rain/friend/FriendManager$RemoveResult	kotlin-class-map.tsv	accepted
oxxxde/اأ	kotakbaz/rain/module/modules/render/predicts/TrajectoryImpact	kotlin-class-map.tsv	accepted
oxxxde/اا	kotakbaz/rain/client/render/main/program/compile/A	structural-class-map.tsv	accepted
oxxxde/اب	kotakbaz/rain/module/modules/render/Menu3DModule$Placement	kotlin-class-map.tsv	accepted
oxxxde/اح	kotakbaz/rain/client/util/render/font/FontData	kotlin-class-map.tsv	accepted
oxxxde/اس	kotakbaz/rain/ui/api/PipelinedRender	kotlin-class-map.tsv	accepted
oxxxde/اش	kotakbaz/rain/client/liteapi/HolyWorldFeatureControl$LiteApiPayload	kotlin-class-map.tsv	accepted
oxxxde/اع	kotakbaz/rain/client/notification/RemoteNotificationService$NotificationResponse	kotlin-class-map.tsv	accepted
oxxxde/اف	kotakbaz/rain/module/modules/player/ChangeHandModule	structural-class-map.tsv	accepted
oxxxde/اك	kotakbaz/rain/config/ConfigManager	structural-class-map.tsv	accepted
oxxxde/ال	kotakbaz/rain/client/util/render/font/FontData$AtlasData	kotlin-class-map.tsv	accepted
oxxxde/ان	kotakbaz/rain/client/render/main/vertex/mesh/MeshBuilder	kotlin-class-map.tsv	accepted
oxxxde/اه	kotakbaz/rain/command/Command	kotlin-class-map.tsv	accepted
oxxxde/او	kotakbaz/rain/client/waypoint/WayPointManager$PutResult	kotlin-class-map.tsv	accepted
oxxxde/اْ	kotakbaz/rain/client/util/render/display/KawaseRenderer	kotlin-class-map.tsv	accepted
oxxxde/ب	kotakbaz/rain/config/ConfigManager$RenameResult	kotlin-class-map.tsv	accepted
oxxxde/بء	kotakbaz/rain/ui/menu/MenuScreen$GeneratedConfigKey	kotlin-class-map.tsv	accepted
oxxxde/بآ	kotakbaz/rain/module/modules/hud/TargetHudModule	structural-class-map.tsv	accepted
oxxxde/بئ	kotakbaz/rain/client/util/render/engine/dispatcher/RenderDispatcher	kotlin-class-map.tsv	accepted
oxxxde/بة	kotakbaz/rain/event/events/EntitySubmitEvent	kotlin-class-map.tsv	accepted
oxxxde/بج	kotakbaz/rain/module/modules/hud/container/HudModule	structural-class-map.tsv	accepted
oxxxde/بخ	kotakbaz/rain/module/modules/render/predicts/TrajectoryPrediction	kotlin-class-map.tsv	accepted
oxxxde/بغ	kotakbaz/rain/ui/mainmenu/changelog/ChangeLogs	kotlin-class-map.tsv	accepted
oxxxde/بل	kotakbaz/rain/ui/menu/ConfigSettingsPopupBounds	kotlin-class-map.tsv	accepted
oxxxde/به	kotakbaz/rain/client/waypoint/WayPointManager$ScreenPoint	kotlin-class-map.tsv	accepted
oxxxde/بي	kotakbaz/rain/ui/menu/FunTimeEventsApi$CandidateKey	kotlin-class-map.tsv	accepted
oxxxde/بِ	kotakbaz/rain/client/render/main/program/a	structural-class-map.tsv	accepted
oxxxde/تذ	kotakbaz/rain/ui/menu/MenuScreen$AvatarPopupMetrics	kotlin-class-map.tsv	accepted
oxxxde/تر	kotakbaz/rain/client/util/media/a	structural-class-map.tsv	accepted
oxxxde/تز	kotakbaz/rain/event/events/KeyEvent	kotlin-class-map.tsv	accepted
oxxxde/تض	kotakbaz/rain/ui/mainmenu/RainMainMenuScreen$ButtonDef	kotlin-class-map.tsv	accepted
oxxxde/تط	kotakbaz/rain/module/modules/render/JumpCircleModule$Circle	kotlin-class-map.tsv	accepted
oxxxde/تغ	kotakbaz/rain/event/events/ClickSlotEvent	kotlin-class-map.tsv	accepted
oxxxde/تف	kotakbaz/rain/client/waypoint/WayPointManager$WayPoint	kotlin-class-map.tsv	accepted
oxxxde/تك	kotakbaz/rain/ui/menu/PointsCategoryComponent$FieldBounds	kotlin-class-map.tsv	accepted
oxxxde/تم	kotakbaz/rain/client/listener/Listener	kotlin-class-map.tsv	accepted
oxxxde/تن	kotakbaz/rain/ui/menu/FunTimeEventsApi$LiveOverride	kotlin-class-map.tsv	accepted
oxxxde/ته	kotakbaz/rain/client/social/CloudConfigLibrary	kotlin-class-map.tsv	accepted
oxxxde/تِ	kotakbaz/rain/module/modules/hud/container/Data$Second	kotlin-class-map.tsv	accepted
oxxxde/ث	kotakbaz/rain/ui/menu/EventsCategoryComponent$EventFilter	kotlin-class-map.tsv	accepted
oxxxde/ثء	kotakbaz/rain/ui/menu/EventsCategoryComponent$PanelArea	kotlin-class-map.tsv	accepted
oxxxde/ثآ	kotakbaz/rain/event/events/OverlayRenderEvent	kotlin-class-map.tsv	accepted
oxxxde/ثة	kotakbaz/rain/module/modules/player/AutoInvestModule	structural-class-map.tsv	accepted
oxxxde/ثج	kotakbaz/rain/module/modules/player/ItemSwapModule$SwapItem	kotlin-class-map.tsv	accepted
oxxxde/ثح	kotakbaz/rain/ui/menu/FriendsCategoryComponent$PanelArea	kotlin-class-map.tsv	accepted
oxxxde/ثخ	kotakbaz/rain/module/modules/render/HitColorModule$DamageAnimation	kotlin-class-map.tsv	accepted
oxxxde/ثذ	kotakbaz/rain/client/render/main/compile/b	structural-class-map.tsv	accepted
oxxxde/ثض	kotakbaz/rain/module/modules/render/ItemPhysicModule	structural-class-map.tsv	accepted
oxxxde/ثغ	kotakbaz/rain/ui/inventory/InventoryCard	kotlin-class-map.tsv	accepted
oxxxde/ثن	kotakbaz/rain/client/notification/RemoteNotificationService$RemoteNotification	kotlin-class-map.tsv	accepted
oxxxde/ثي	kotakbaz/rain/module/modules/hud/container/Data$Leading$Item	kotlin-class-map.tsv	accepted
oxxxde/ثٍ	kotakbaz/rain/ui/menu/settings/impl/ColorSettingComponent	structural-class-map.tsv	accepted
oxxxde/جء	kotakbaz/rain/client/util/render/display/BlurredRectRenderer	kotlin-class-map.tsv	accepted
oxxxde/جا	kotakbaz/rain/module/modules/hud/container/Data$Leading$ResourceTexture	kotlin-class-map.tsv	accepted
oxxxde/جب	kotakbaz/rain/client/util/render/display/RectRenderer	kotlin-class-map.tsv	accepted
oxxxde/جة	kotakbaz/rain/ui/menu/misc/AnimatedListTracker$Item	kotlin-class-map.tsv	accepted
oxxxde/جث	kotakbaz/rain/client/util/render/display/TextureRectRenderer	kotlin-class-map.tsv	accepted
oxxxde/جخ	kotakbaz/rain/ui/mainmenu/RainMainMenuScreen	structural-class-map.tsv	accepted
oxxxde/جد	kotakbaz/rain/client/render/main/program/uniform/a	structural-class-map.tsv	accepted
oxxxde/جذ	kotakbaz/rain/client/discord/a	structural-class-map.tsv	accepted
oxxxde/جط	kotakbaz/rain/module/modules/render/SoulsModule	structural-class-map.tsv	accepted
oxxxde/جظ	kotakbaz/rain/client/render/main/ChromaRenderer$FramebufferState	kotlin-class-map.tsv	accepted
oxxxde/جع	kotakbaz/rain/client/util/other/CustomScreen	kotlin-class-map.tsv	accepted
oxxxde/جغ	kotakbaz/rain/ui/menu/MenuScreen$AvatarPopupRow	kotlin-class-map.tsv	accepted
oxxxde/جل	kotakbaz/rain/client/util/render/engine/controls/LayerControl	structural-class-map.tsv	accepted
oxxxde/جم	kotakbaz/rain/event/events/ItemUseEvent	kotlin-class-map.tsv	accepted
oxxxde/جن	kotakbaz/rain/ui/inventory/FunTimeOnlineHelperController$MenuKind	kotlin-class-map.tsv	accepted
oxxxde/جً	kotakbaz/rain/client/util/render/font/Font	kotlin-class-map.tsv	accepted
oxxxde/جُ	kotakbaz/rain/module/modules/render/Menu3DModule$Ghost	kotlin-class-map.tsv	accepted
oxxxde/جّ	kotakbaz/rain/client/render/main/buffer/framebuffer/CustomFramebuffer	kotlin-class-map.tsv	accepted
oxxxde/ح	kotakbaz/rain/module/modules/render/SoulsModule$Soul	kotlin-class-map.tsv	accepted
oxxxde/حأ	kotakbaz/rain/module/modules/player/FuntimeHelperModule$HeldNameCache	kotlin-class-map.tsv	accepted
oxxxde/حا	kotakbaz/rain/client/render/main/vertex/element/A	structural-class-map.tsv	accepted
oxxxde/حح	kotakbaz/rain/client/waypoint/WayPointManager$RemoveResult	kotlin-class-map.tsv	accepted
oxxxde/حخ	kotakbaz/rain/client/render/main/builders/GlProgramBuilder	kotlin-class-map.tsv	accepted
oxxxde/حز	kotakbaz/rain/ui/menu/MenuScreen	structural-class-map.tsv	accepted
oxxxde/حض	kotakbaz/rain/ui/menu/ModuleComponent	kotlin-class-map.tsv	accepted
oxxxde/حظ	kotakbaz/rain/ui/mainmenu/changelog/ChangeLogVersion	kotlin-class-map.tsv	accepted
oxxxde/حع	kotakbaz/rain/client/util/render/DeferredGuiIconRenderer$Request	kotlin-class-map.tsv	accepted
oxxxde/حم	kotakbaz/rain/ui/menu/ConfigEntryComponent	kotlin-class-map.tsv	accepted
oxxxde/حه	kotakbaz/rain/module/modules/render/PredictsModule$HeldWeapon	kotlin-class-map.tsv	accepted
oxxxde/حي	kotakbaz/rain/module/modules/render/HitParticlesModule$BurstParticle	kotlin-class-map.tsv	accepted
oxxxde/حٌ	kotakbaz/rain/module/modules/render/ModuleCustomHitBox$DamageAnimation	kotlin-class-map.tsv	accepted
oxxxde/حٍ	kotakbaz/rain/ui/menu/FunTimeEventsApi$LiveCountdown	kotlin-class-map.tsv	accepted
oxxxde/حْ	kotakbaz/rain/client/liteapi/HolyWorldFeatureControl	structural-class-map.tsv	accepted
oxxxde/خإ	kotakbaz/rain/client/render/main/compile/a	structural-class-map.tsv	accepted
oxxxde/خب	kotakbaz/rain/module/modules/render/BlinkModule$BlinkSnapshot	kotlin-class-map.tsv	accepted
oxxxde/خة	kotakbaz/rain/client/render/main/program/uniform/uniforms/sampler/SamplerUniform	kotlin-class-map.tsv	accepted
oxxxde/خت	kotakbaz/rain/ui/inventory/InventorySorter$Click	kotlin-class-map.tsv	accepted
oxxxde/خج	kotakbaz/rain/friend/FriendManager	structural-class-map.tsv	accepted
oxxxde/خذ	kotakbaz/rain/module/setting/settings/BooleanSetting	kotlin-class-map.tsv	accepted
oxxxde/خر	kotakbaz/rain/client/render/main/program/GlProgram	kotlin-class-map.tsv	accepted
oxxxde/خض	kotakbaz/rain/client/render/texture/utils/gif/gif/A	structural-class-map.tsv	accepted
oxxxde/خف	kotakbaz/rain/ui/menu/render/MenuScrollBarRenderer$State	kotlin-class-map.tsv	accepted
oxxxde/خل	kotakbaz/rain/ui/menu/render/MenuBackgroundRendererKt	structural-class-map.tsv	accepted
oxxxde/خٌ	kotakbaz/rain/config/ConfigManager$ParsedConfig	kotlin-class-map.tsv	accepted
oxxxde/خَ	kotakbaz/rain/ui/menu/FunTimeEventsApi$Snapshot	kotlin-class-map.tsv	accepted
oxxxde/دء	kotakbaz/rain/config/ConfigManager$ModuleUpdate	kotlin-class-map.tsv	accepted
oxxxde/دآ	kotakbaz/rain/client/draggable/HudAlignment$Pos	kotlin-class-map.tsv	accepted
oxxxde/دا	kotakbaz/rain/ui/mainmenu/changelog/ChangeLogItem	kotlin-class-map.tsv	accepted
oxxxde/دة	kotakbaz/rain/config/CloudConfigOrigin	kotlin-class-map.tsv	accepted
oxxxde/دث	kotakbaz/rain/module/modules/render/HitBubblesModule$Particle	kotlin-class-map.tsv	accepted
oxxxde/دح	kotakbaz/rain/client/util/render/font/FontData$GlyphData	kotlin-class-map.tsv	accepted
oxxxde/در	kotakbaz/rain/ui/menu/ConfigSettingsPopup	kotlin-class-map.tsv	accepted
oxxxde/دش	kotakbaz/rain/event/events/ChatMessageEvent	kotlin-class-map.tsv	accepted
oxxxde/دص	kotakbaz/rain/config/ConfigManager$CreateResult	kotlin-class-map.tsv	accepted
oxxxde/دض	kotakbaz/rain/module/modules/hud/MediaPlayerInfoModule$HudPosition	kotlin-class-map.tsv	accepted
oxxxde/دغ	kotakbaz/rain/module/modules/hud/container/Data$Leading	kotlin-class-map.tsv	accepted
oxxxde/دك	kotakbaz/rain/ui/menu/FunTimeEventsApi$Candidate	kotlin-class-map.tsv	accepted
oxxxde/دم	kotakbaz/rain/friend/FriendManager$AddResult	kotlin-class-map.tsv	accepted
oxxxde/دي	kotakbaz/rain/ui/inventory/InventoryPreset	kotlin-class-map.tsv	accepted
oxxxde/دٍ	kotakbaz/rain/client/util/render/engine/controls/RectGroup	structural-class-map.tsv	accepted
oxxxde/دِ	kotakbaz/rain/module/Module	kotlin-class-map.tsv	accepted
oxxxde/دّ	kotakbaz/rain/module/modules/player/CommandFixModule	structural-class-map.tsv	accepted
oxxxde/دْ	kotakbaz/rain/module/modules/render/TrailsModule$TrailPoint	kotlin-class-map.tsv	accepted
oxxxde/ذأ	kotakbaz/rain/ui/menu/ConfigContentArea	kotlin-class-map.tsv	accepted
oxxxde/ذإ	kotakbaz/rain/ui/menu/misc/AnimatedTextTransition$Layer	kotlin-class-map.tsv	accepted
oxxxde/ذا	kotakbaz/rain/client/render/main/program/uniform/uniforms/sampler/a	structural-class-map.tsv	accepted
oxxxde/ذة	kotakbaz/rain/client/waypoint/WayPointManager	structural-class-map.tsv	accepted
oxxxde/ذث	kotakbaz/rain/ui/api/RenderIn	kotlin-class-map.tsv	accepted
oxxxde/ذط	kotakbaz/rain/module/modules/render/HitParticlesModule$SpawnMotion	kotlin-class-map.tsv	accepted
oxxxde/ذظ	kotakbaz/rain/module/modules/render/predicts/PredictedProjectile	kotlin-class-map.tsv	accepted
oxxxde/ذف	kotakbaz/rain/ui/inventory/FunTimeOnlineHelperController$State	kotlin-class-map.tsv	accepted
oxxxde/ذق	kotakbaz/rain/ui/inventory/FunTimeOnlineHelperController$ServerCandidate	kotlin-class-map.tsv	accepted
oxxxde/ذم	kotakbaz/rain/event/events/AttackEvent	kotlin-class-map.tsv	accepted
oxxxde/ذو	kotakbaz/rain/friend/FriendManager$FriendEntry	kotlin-class-map.tsv	accepted
oxxxde/ذي	kotakbaz/rain/ui/menu/CategoryComponent$ModelCard	kotlin-class-map.tsv	accepted
oxxxde/ذُ	kotakbaz/rain/module/setting/settings/BindSetting	kotlin-class-map.tsv	accepted
oxxxde/ذْ	kotakbaz/rain/module/modules/hud/MediaPlayerInfoModule$Bounds	kotlin-class-map.tsv	accepted
oxxxde/رأ	kotakbaz/rain/event/events/HandSwingEvent	kotlin-class-map.tsv	accepted
oxxxde/رت	kotakbaz/rain/module/setting/settings/ColorSetting	kotlin-class-map.tsv	accepted
oxxxde/رخ	kotakbaz/rain/module/modules/hud/NotifyModule$ModuleStateNotification	kotlin-class-map.tsv	accepted
oxxxde/رذ	kotakbaz/rain/ui/menu/settings/impl/ColorSettingComponent$Layout	kotlin-class-map.tsv	accepted
oxxxde/رص	kotakbaz/rain/client/util/render/engine/controls/RectType	kotlin-class-map.tsv	accepted
oxxxde/رض	kotakbaz/rain/client/draggable/animation/Easing	kotlin-class-map.tsv	accepted
oxxxde/رف	kotakbaz/rain/module/setting/Setting	kotlin-class-map.tsv	accepted
oxxxde/رك	kotakbaz/rain/event/events/TotemPopEvent	kotlin-class-map.tsv	accepted
oxxxde/رم	kotakbaz/rain/client/render/main/scissor/A	structural-class-map.tsv	accepted
oxxxde/رن	kotakbaz/rain/module/modules/hud/NotifyModule$MessageNotification	kotlin-class-map.tsv	accepted
oxxxde/ري	kotakbaz/rain/client/util/animations/AnimationUtil	kotlin-class-map.tsv	accepted
oxxxde/رً	kotakbaz/rain/client/draggable/HudAlignment$Axis	kotlin-class-map.tsv	accepted
oxxxde/رٌ	kotakbaz/rain/Rain	structural-class-map.tsv	accepted
oxxxde/رٍ	kotakbaz/rain/ui/inventory/InventorySlotState	kotlin-class-map.tsv	accepted
oxxxde/رُ	kotakbaz/rain/ui/inventory/ChestSorterController$Click	kotlin-class-map.tsv	accepted
oxxxde/رْ	kotakbaz/rain/module/modules/render/ViewModelModule$HandHitbox	kotlin-class-map.tsv	accepted
oxxxde/ز	kotakbaz/rain/ui/menu/EventsCategoryComponent$EventEntry	kotlin-class-map.tsv	accepted
oxxxde/زج	kotakbaz/rain/client/util/render/display/AdvancedRectRenderer	kotlin-class-map.tsv	accepted
oxxxde/زش	kotakbaz/rain/event/events/JumpEvent	kotlin-class-map.tsv	accepted
oxxxde/زص	kotakbaz/rain/ui/menu/ConfigEntryActionBounds	kotlin-class-map.tsv	accepted
oxxxde/زع	kotakbaz/rain/client/util/other/ScrollUtil	kotlin-class-map.tsv	accepted
oxxxde/زغ	kotakbaz/rain/module/modules/render/ItemHighliterModule$HighlightEntry	kotlin-class-map.tsv	accepted
oxxxde/زك	kotakbaz/rain/ui/mainmenu/RainMainMenuScreen$Btn	structural-class-map.tsv	accepted
oxxxde/زه	kotakbaz/rain/ui/menu/FunTimeEventsApi$ParsedResponse	kotlin-class-map.tsv	accepted
oxxxde/زً	kotakbaz/rain/ui/menu/PointsCategoryComponent$InputField	kotlin-class-map.tsv	accepted
oxxxde/زّ	kotakbaz/rain/module/modules/render/TargetEspModule$QuadVertices	kotlin-class-map.tsv	accepted
oxxxde/زْ	kotakbaz/rain/ui/menu/layout/MenuLayout	kotlin-class-map.tsv	accepted
oxxxde/سآ	kotakbaz/rain/ui/menu/FunTimeEventsApi$RawEvent	kotlin-class-map.tsv	accepted
oxxxde/سئ	kotakbaz/rain/client/render/main/vertex/element/VertexElement	kotlin-class-map.tsv	accepted
oxxxde/سا	kotakbaz/rain/client/render/main/vertex/format/VertexFormat	kotlin-class-map.tsv	accepted
oxxxde/سة	kotakbaz/rain/client/util/color/QuadColor	kotlin-class-map.tsv	accepted
oxxxde/سث	kotakbaz/rain/client/render/texture/utils/gif/gif/b	structural-class-map.tsv	accepted
oxxxde/سح	kotakbaz/rain/event/events/PlayerUpdateEvent	kotlin-class-map.tsv	accepted
oxxxde/سخ	kotakbaz/rain/ui/inventory/InventoryAnalysis	kotlin-class-map.tsv	accepted
oxxxde/سص	kotakbaz/rain/client/util/other/DefaultServerBootstrap$DefaultServer	kotlin-class-map.tsv	accepted
oxxxde/سط	kotakbaz/rain/client/draggable/animation/AnimationUtil	kotlin-class-map.tsv	accepted
oxxxde/سع	kotakbaz/rain/event/events/HandOffsetEvent	kotlin-class-map.tsv	accepted
oxxxde/سق	kotakbaz/rain/ui/inventory/InventorySlotVisual	kotlin-class-map.tsv	accepted
oxxxde/سل	kotakbaz/rain/client/util/render/engine/dispatcher/RenderBatch	kotlin-class-map.tsv	accepted
oxxxde/سِ	kotakbaz/rain/ui/mainmenu/RainMainMenuScreen$Link	structural-class-map.tsv	accepted
oxxxde/شة	kotakbaz/rain/ui/menu/FunTimeEventsApi$Status	kotlin-class-map.tsv	accepted
oxxxde/شث	kotakbaz/rain/event/events/Render3DEvent	kotlin-class-map.tsv	accepted
oxxxde/شخ	kotakbaz/rain/ui/menu/ContentArea	kotlin-class-map.tsv	accepted
oxxxde/شد	kotakbaz/rain/ui/inventory/InventorySorter$Move	kotlin-class-map.tsv	accepted
oxxxde/شذ	kotakbaz/rain/ui/menu/PointsCategoryComponent$PanelArea	kotlin-class-map.tsv	accepted
oxxxde/شر	kotakbaz/rain/ui/menu/ModuleComponent$LayoutSnapshot	kotlin-class-map.tsv	accepted
oxxxde/شض	kotakbaz/rain/event/events/DropEvent	kotlin-class-map.tsv	accepted
oxxxde/شط	kotakbaz/rain/client/waypoint/WayPointManager$RenameResult	kotlin-class-map.tsv	accepted
oxxxde/شف	kotakbaz/rain/module/modules/render/TargetEspModule$RingSweepState	kotlin-class-map.tsv	accepted
oxxxde/شق	kotakbaz/rain/client/social/CloudConfigKey	kotlin-class-map.tsv	accepted
oxxxde/شل	kotakbaz/rain/client/util/animations/FloatEasing	kotlin-class-map.tsv	accepted
oxxxde/شم	kotakbaz/rain/client/render/main/vertex/DrawMode	kotlin-class-map.tsv	accepted
oxxxde/شً	kotakbaz/rain/module/modules/render/HitParticlesModule$ParticleRenderResources	kotlin-class-map.tsv	accepted
oxxxde/شُ	kotakbaz/rain/client/util/render/font/MsdfGlyph	kotlin-class-map.tsv	accepted
oxxxde/شِ	kotakbaz/rain/module/modules/render/predicts/TrajectoryImpactType	kotlin-class-map.tsv	accepted
oxxxde/صؤ	kotakbaz/rain/client/util/render/engine/controls/ClientRenderPipeline	kotlin-class-map.tsv	accepted
oxxxde/صة	kotakbaz/rain/ui/menu/FunTimeEventsApi$Event	kotlin-class-map.tsv	accepted
oxxxde/صض	kotakbaz/rain/ui/menu/ConfigPage	kotlin-class-map.tsv	accepted
oxxxde/صظ	kotakbaz/rain/client/notification/RemoteNotificationService$RemoteAction	kotlin-class-map.tsv	accepted
oxxxde/صغ	kotakbaz/rain/client/render/main/compile/GlShaderLibrary	kotlin-class-map.tsv	accepted
oxxxde/صق	kotakbaz/rain/client/waypoint/WayPointManager$AddResult	kotlin-class-map.tsv	accepted
oxxxde/صك	kotakbaz/rain/client/util/render/font/FontData$MetricsData	kotlin-class-map.tsv	accepted
oxxxde/صن	kotakbaz/rain/event/types/Event$Key	kotlin-class-map.tsv	accepted
oxxxde/صه	kotakbaz/rain/module/modules/hud/container/Data$First	kotlin-class-map.tsv	accepted
oxxxde/صٌ	kotakbaz/rain/config/ConfigInfo	kotlin-class-map.tsv	accepted
oxxxde/ض	kotakbaz/rain/client/render/texture/texture/GLTexture	kotlin-class-map.tsv	accepted
oxxxde/ضآ	kotakbaz/rain/module/modules/render/ViewModelModule$RenderedHandBounds	kotlin-class-map.tsv	accepted
oxxxde/ضإ	kotakbaz/rain/module/modules/hud/container/Data$Leading$Texture	kotlin-class-map.tsv	accepted
oxxxde/ضب	kotakbaz/rain/module/modules/render/WorldParticlesModule$WorldParticle	kotlin-class-map.tsv	accepted
oxxxde/ضت	kotakbaz/rain/module/modules/render/WayPointModule	structural-class-map.tsv	accepted
oxxxde/ضج	kotakbaz/rain/config/ConfigManager$RuntimeSnapshot	kotlin-class-map.tsv	accepted
oxxxde/ضر	kotakbaz/rain/ui/inventory/InventoryLoadoutAnalyzer$ItemTotal	kotlin-class-map.tsv	accepted
oxxxde/ضغ	kotakbaz/rain/client/social/CloudConfigRecord	kotlin-class-map.tsv	accepted
oxxxde/ضٌ	kotakbaz/rain/client/social/RedeemedCloudConfig	kotlin-class-map.tsv	accepted
oxxxde/ضِ	kotakbaz/rain/client/util/render/display/BasicRectRenderer	kotlin-class-map.tsv	accepted
oxxxde/ط	kotakbaz/rain/module/modules/hud/WatermarkModule$Bounds	kotlin-class-map.tsv	accepted
oxxxde/طء	kotakbaz/rain/client/util/render/engine/Renderable	kotlin-class-map.tsv	accepted
oxxxde/طآ	kotakbaz/rain/ui/menu/MenuScreen$PopupRect	kotlin-class-map.tsv	accepted
oxxxde/طأ	kotakbaz/rain/client/render/main/vertex/mesh/IMesh	kotlin-class-map.tsv	accepted
oxxxde/طؤ	kotakbaz/rain/client/render/main/vertex/format/A	structural-class-map.tsv	accepted
oxxxde/طإ	kotakbaz/rain/module/modules/hud/NotifyModule$MessageSegment	kotlin-class-map.tsv	accepted
oxxxde/طب	kotakbaz/rain/module/setting/ClientColorSetting	kotlin-class-map.tsv	accepted
oxxxde/طج	kotakbaz/rain/client/render/texture/GlTex	kotlin-class-map.tsv	accepted
oxxxde/طد	kotakbaz/rain/ui/inventory/HwAnarchyHelperController$MenuEntry	kotlin-class-map.tsv	accepted
oxxxde/طس	kotakbaz/rain/ui/menu/layout/CategorySlot	kotlin-class-map.tsv	accepted
oxxxde/طش	kotakbaz/rain/client/render/main/program/uniform/uniforms/buffer/A	structural-class-map.tsv	accepted
oxxxde/طص	kotakbaz/rain/module/modules/render/HitParticlesModule$ParticlePhysics	kotlin-class-map.tsv	accepted
oxxxde/طظ	kotakbaz/rain/module/modules/hud/container/Data$Leading$Glyph	kotlin-class-map.tsv	accepted
oxxxde/طف	kotakbaz/rain/ui/inventory/MissingInventoryItem	kotlin-class-map.tsv	accepted
oxxxde/طن	kotakbaz/rain/client/figura/FiguraAvatarInstaller$AvatarEntry	kotlin-class-map.tsv	accepted
oxxxde/طً	kotakbaz/rain/ui/menu/settings/impl/ColorSettingComponent$Rect	kotlin-class-map.tsv	accepted
oxxxde/طُ	kotakbaz/rain/module/setting/settings/SliderSetting	kotlin-class-map.tsv	accepted
oxxxde/طِ	kotakbaz/rain/client/util/other/KeyMappings	structural-class-map.tsv	accepted
oxxxde/ظ	kotakbaz/rain/ui/menu/misc/TextScroller$ScrollState	kotlin-class-map.tsv	accepted
oxxxde/ظآ	kotakbaz/rain/ui/inventory/UiRect	kotlin-class-map.tsv	accepted
oxxxde/ظأ	kotakbaz/rain/client/util/render/font/FontData$BoundsData	kotlin-class-map.tsv	accepted
oxxxde/ظئ	kotakbaz/rain/ui/inventory/SearchLayout	kotlin-class-map.tsv	accepted
oxxxde/ظب	kotakbaz/rain/client/util/render/engine/controls/TextureSampler	kotlin-class-map.tsv	accepted
oxxxde/ظذ	kotakbaz/rain/client/draggable/Draggable	kotlin-class-map.tsv	accepted
oxxxde/ظر	kotakbaz/rain/module/modules/render/predicts/ProjectileLaunch	kotlin-class-map.tsv	accepted
oxxxde/ظس	kotakbaz/rain/client/util/render/font/FontBuilder	kotlin-class-map.tsv	accepted
oxxxde/ظص	kotakbaz/rain/client/extensions/Category	kotlin-class-map.tsv	accepted
oxxxde/ظض	kotakbaz/rain/module/modules/hud/NotifyModule$NotificationEntry	kotlin-class-map.tsv	accepted
oxxxde/ظغ	kotakbaz/rain/client/render/texture/utils/gif/gif/a	structural-class-map.tsv	accepted
oxxxde/ظل	kotakbaz/rain/module/modules/hud/WatermarkModule$WatermarkLayout	kotlin-class-map.tsv	accepted
oxxxde/ظم	kotakbaz/rain/module/modules/render/ViewModelModule$HandHitTarget	kotlin-class-map.tsv	accepted
oxxxde/ظه	kotakbaz/rain/module/modules/player/AutoReissueModule	structural-class-map.tsv	accepted
oxxxde/ظي	kotakbaz/rain/module/setting/ModeSetting	kotlin-class-map.tsv	accepted
oxxxde/ظٌ	kotakbaz/rain/ui/menu/EventsCategoryComponent$ButtonLayout	kotlin-class-map.tsv	accepted
oxxxde/ظٍ	kotakbaz/rain/module/setting/ModSetting	kotlin-class-map.tsv	accepted
oxxxde/عا	kotakbaz/rain/ui/mainmenu/RainMainMenuScreen$DesignRect	kotlin-class-map.tsv	accepted
oxxxde/عب	kotakbaz/rain/module/modules/hud/WatermarkModule$WatermarkPart	kotlin-class-map.tsv	accepted
oxxxde/عت	kotakbaz/rain/module/setting/settings/TextSetting	kotlin-class-map.tsv	accepted
oxxxde/عر	kotakbaz/rain/module/modules/render/TracesModule$TrailPoint	kotlin-class-map.tsv	accepted
oxxxde/عس	kotakbaz/rain/ui/menu/CategoryComponent$ModuleLayoutState	kotlin-class-map.tsv	accepted
oxxxde/غ	kotakbaz/rain/client/util/render/font/MsdfGlyph$ColoredGlyph	kotlin-class-map.tsv	accepted
oxxxde/ٍ	kotakbaz/rain/module/modules/render/HitWavesModule$Wave	kotlin-class-map.tsv	accepted
oxxxde/ِ	kotakbaz/rain/client/render/main/ChromaRenderer	structural-class-map.tsv	accepted
oxxxde/ّ	kotakbaz/rain/ui/inventory/InventorySnapshot	kotlin-class-map.tsv	accepted
