physical_name,candidate_name,evidence_count,status,evidence
oxxxde/آ,kotakbaz/rain/ui/menu/settings/ModuleSettingComponent,1,unique,oxxxde/ثس#create(Loxxxde/رف;)Loxxxde/آ;
oxxxde/إ,kotakbaz/rain/config/ConfigManager$SettingUpdate,2,unique,oxxxde/إ#copy(Loxxxde/رف;Ljava/lang/Object;)Loxxxde/إ; | oxxxde/اك#applySettingUpdate(Loxxxde/إ;)V
oxxxde/ئ,kotakbaz/rain/friend/FriendManager$RemoveResult,1,unique,oxxxde/شغ#remove(Ljava/lang/String;)Loxxxde/ئ;
oxxxde/اأ,kotakbaz/rain/module/modules/render/predicts/TrajectoryImpact,5,unique,oxxxde/اأ#copy(Loxxxde/شِ;Lnet/minecraft/util/math/Vec3d;Lnet/minecraft/entity/LivingEntity;)Loxxxde/اأ; | oxxxde/بخ#<init>(Ljava/util/List;Loxxxde/اأ;)V | oxxxde/بخ#component2()Loxxxde/اأ; | oxxxde/بخ#copy(Ljava/util/List;Loxxxde/اأ;)Loxxxde/بخ; | oxxxde/حو#findCollision(Lnet/minecraft/client/world/ClientWorld;Lnet/minecraft/entity/player/PlayerEntity;Lnet/minecraft/util/math/Vec3d;Lnet/minecraft/util/math/Vec3d;)Loxxxde/اأ;
oxxxde/اب,kotakbaz/rain/module/modules/render/Menu3DModule$Placement,6,unique,oxxxde/اب#copy(Lnet/minecraft/client/world/ClientWorld;Lnet/minecraft/util/math/Vec3d;Lorg/joml/Quaternionf;FF)Loxxxde/اب; | oxxxde/ثظ#createPlacement()Loxxxde/اب; | oxxxde/ثظ#renderGhost(Loxxxde/شث;Loxxxde/اب;F)V | oxxxde/جُ#<init>(Loxxxde/اب;JJJ)V | oxxxde/جُ#component1()Loxxxde/اب; | oxxxde/جُ#copy(Loxxxde/اب;JJJ)Loxxxde/جُ;
oxxxde/اح,kotakbaz/rain/client/util/render/font/FontData,1,unique,oxxxde/ظس#loadFontData()Loxxxde/اح;
oxxxde/اس,kotakbaz/rain/ui/api/PipelinedRender,3,unique,oxxxde/جخ#<init>(Loxxxde/اس;)V | oxxxde/جل#<init>(Loxxxde/اس;)V | oxxxde/طا#<init>(Loxxxde/اس;)V
oxxxde/اش,kotakbaz/rain/client/liteapi/HolyWorldFeatureControl$LiteApiPayload,1,unique,oxxxde/اش#copy(Ljava/lang/String;)Loxxxde/اش;
oxxxde/اع,kotakbaz/rain/client/notification/RemoteNotificationService$NotificationResponse,3,unique,oxxxde/اع#copy(Ljava/util/List;JJZ)Loxxxde/اع; | oxxxde/خز#parseResponse(Ljava/lang/String;J)Loxxxde/اع; | oxxxde/خز#request(J)Loxxxde/اع;
oxxxde/ال,kotakbaz/rain/client/util/render/font/FontData$AtlasData,4,unique,oxxxde/اح#getAtlas()Loxxxde/ال; | oxxxde/اح#setAtlas(Loxxxde/ال;)V | oxxxde/جً#<init>(Ljava/lang/String;Loxxxde/طج;Loxxxde/ال;Loxxxde/صك;Ljava/util/Map;Ljava/util/Map;)V | oxxxde/جً#getAtlas()Loxxxde/ال;
oxxxde/ان,kotakbaz/rain/client/render/main/vertex/mesh/MeshBuilder,9,unique,oxxxde/بئ#getBuilder(Loxxxde/صؤ;Loxxxde/طء;Ljava/lang/Object;)Loxxxde/ان; | oxxxde/جب#buildQuad(Loxxxde/ان;FFFFLorg/joml/Vector4f;[F)V | oxxxde/جب#uploadVertex(Loxxxde/ان;FFFFFI[F)V | oxxxde/جً#applyGlyphs(Loxxxde/ان;Ljava/lang/String;FFFFFFIFFFI)V | oxxxde/زج#uploadVertex(Loxxxde/ان;FFFFFI[F)V | oxxxde/سل#getBuilder()Loxxxde/ان; | oxxxde/سل#set(Loxxxde/طء;Loxxxde/ان;Ljava/lang/Object;)Loxxxde/سل; | oxxxde/شُ#addVertex(Loxxxde/ان;FFFFFFFFFFFFLoxxxde/سئ;Loxxxde/سئ;Loxxxde/سئ;Loxxxde/سئ;Loxxxde/سئ;Loxxxde/سئ;FFFF)V | oxxxde/شُ#apply(Loxxxde/ان;FFFFIFFFIFFFFLoxxxde/سئ;Loxxxde/سئ;Loxxxde/سئ;Loxxxde/سئ;Loxxxde/سئ;Loxxxde/سئ;)F
oxxxde/اه,kotakbaz/rain/command/Command,1,unique,oxxxde/دإ#registerCommands([Loxxxde/اه;)V
oxxxde/او,kotakbaz/rain/client/waypoint/WayPointManager$PutResult,1,unique,oxxxde/ذة#put(Ljava/lang/String;ZLnet/minecraft/util/math/BlockPos;)Loxxxde/او;
oxxxde/اْ,kotakbaz/rain/client/util/render/display/KawaseRenderer,2,unique,oxxxde/جء#<init>(Loxxxde/جث;Loxxxde/اْ;)V | oxxxde/ذر#getKAWASE()Loxxxde/اْ;
oxxxde/ب,kotakbaz/rain/config/ConfigManager$RenameResult,1,unique,oxxxde/اك#rename(Ljava/lang/String;Ljava/lang/String;)Loxxxde/ب;
oxxxde/بء,kotakbaz/rain/ui/menu/MenuScreen$GeneratedConfigKey,1,unique,oxxxde/بء#copy(Ljava/lang/String;Ljava/lang/Integer;Ljava/lang/Integer;Ljava/lang/String;)Loxxxde/بء;
oxxxde/بئ,kotakbaz/rain/client/util/render/engine/dispatcher/RenderDispatcher,2,unique,oxxxde/ذر#getDISPATCHER()Loxxxde/بئ; | oxxxde/ظق#getDispatcher()Loxxxde/بئ;
oxxxde/بة,kotakbaz/rain/event/events/EntitySubmitEvent,2,unique,oxxxde/بة#copy(Lnet/minecraft/client/util/math/MatrixStack;Lnet/minecraft/client/render/state/CameraRenderState;Lnet/minecraft/client/render/command/OrderedRenderCommandQueue;F)Loxxxde/بة; | oxxxde/جط#onEntitySubmit(Loxxxde/بة;)V
oxxxde/بخ,kotakbaz/rain/module/modules/render/predicts/TrajectoryPrediction,2,unique,oxxxde/بخ#copy(Ljava/util/List;Loxxxde/اأ;)Loxxxde/بخ; | oxxxde/حو#predict(Lnet/minecraft/client/world/ClientWorld;Lnet/minecraft/entity/player/PlayerEntity;Loxxxde/ظر;)Loxxxde/بخ;
oxxxde/بغ,kotakbaz/rain/ui/mainmenu/changelog/ChangeLogs,1,unique,oxxxde/بغ#add(Loxxxde/حظ;)Loxxxde/بغ;
oxxxde/بل,kotakbaz/rain/ui/menu/ConfigSettingsPopupBounds,5,unique,oxxxde/بل#copy(FFFF)Loxxxde/بل; | oxxxde/در#<init>(Ljava/lang/String;Loxxxde/بل;)V | oxxxde/در#component2()Loxxxde/بل; | oxxxde/در#copy(Ljava/lang/String;Loxxxde/بل;)Loxxxde/در; | oxxxde/ضز#settingsPopupButtonBounds(Loxxxde/در;I)Loxxxde/بل;
oxxxde/به,kotakbaz/rain/client/waypoint/WayPointManager$ScreenPoint,1,unique,oxxxde/ذة#project(Lnet/minecraft/client/render/Camera;FLoxxxde/تف;DFF)Loxxxde/به;
oxxxde/بي,kotakbaz/rain/ui/menu/FunTimeEventsApi$CandidateKey,1,unique,oxxxde/بي#copy(Ljava/lang/String;Ljava/lang/String;)Loxxxde/بي;
oxxxde/تذ,kotakbaz/rain/ui/menu/MenuScreen$AvatarPopupMetrics,9,unique,oxxxde/تذ#copy(FFFFFFFFFFFF)Loxxxde/تذ; | oxxxde/حز#avatarPopupBounds(Loxxxde/زْ;FLoxxxde/تذ;)Loxxxde/طآ; | oxxxde/حز#avatarPopupGuiScaleSliderBounds(Loxxxde/طآ;Loxxxde/تذ;)Loxxxde/طآ; | oxxxde/حز#avatarPopupMetrics(F)Loxxxde/تذ; | oxxxde/حز#avatarPopupSettingBounds(Loxxxde/طآ;Loxxxde/تذ;I)Loxxxde/طآ; | oxxxde/حز#avatarPopupSettingTextYOffset(Loxxxde/تذ;)F | oxxxde/حز#renderAvatarPopupGuiScaleSetting(FFFLoxxxde/تذ;FII)V | oxxxde/حز#renderAvatarPopupSettingBackground(FFFLoxxxde/تذ;F)V | oxxxde/حز#tryStartAvatarPopupGuiScaleDrag(Loxxxde/طآ;Loxxxde/تذ;FF)Z
oxxxde/تز,kotakbaz/rain/event/events/KeyEvent,7,unique,oxxxde/اف#onKey(Loxxxde/تز;)V | oxxxde/تب#onKey(Loxxxde/تز;)V | oxxxde/حش#onKey(Loxxxde/تز;)V | oxxxde/حل#onKey(Loxxxde/تز;)V | oxxxde/خث#onKey(Loxxxde/تز;)V | oxxxde/ضت#onKey(Loxxxde/تز;)V | oxxxde/ضق#onKey(Loxxxde/تز;)V
oxxxde/تض,kotakbaz/rain/ui/mainmenu/RainMainMenuScreen$ButtonDef,1,unique,oxxxde/تض#copy(Loxxxde/عا;Ljava/lang/String;Ljava/lang/String;Loxxxde/جً;Lkotlin/jvm/functions/Function0;)Loxxxde/تض;
oxxxde/تط,kotakbaz/rain/module/modules/render/JumpCircleModule$Circle,1,unique,oxxxde/شح#renderCircle(Loxxxde/تط;Lnet/minecraft/client/util/math/MatrixStack;Lnet/minecraft/client/render/VertexConsumerProvider$Immediate;Lnet/minecraft/client/render/RenderLayer;DDD)V
oxxxde/تغ,kotakbaz/rain/event/events/ClickSlotEvent,2,unique,oxxxde/ات#onClickSlot(Loxxxde/تغ;)V | oxxxde/تص#onClickSlot(Loxxxde/تغ;)V
oxxxde/تف,kotakbaz/rain/client/waypoint/WayPointManager$WayPoint,9,unique,oxxxde/تف#copy(Ljava/lang/String;ZIII)Loxxxde/تف; | oxxxde/ذة#createQuickWaypoint()Loxxxde/تف; | oxxxde/ذة#distanceTo(DDDLoxxxde/تف;)D | oxxxde/ذة#formatDistance(DLoxxxde/تف;)Ljava/lang/String; | oxxxde/ذة#iconFor(Loxxxde/تف;)Ljava/lang/String; | oxxxde/ذة#project(Lnet/minecraft/client/render/Camera;FLoxxxde/تف;DFF)Loxxxde/به; | oxxxde/رِ#isRenamingWaypoint(Loxxxde/تف;)Z | oxxxde/رِ#renderRow(Loxxxde/تف;FFFIIF)V | oxxxde/رِ#startWaypointRename(Loxxxde/تف;)V
oxxxde/تك,kotakbaz/rain/ui/menu/PointsCategoryComponent$FieldBounds,2,unique,oxxxde/تك#copy(Loxxxde/زً;FFFF)Loxxxde/تك; | oxxxde/رِ#renderInputBox(Loxxxde/تك;Ljava/lang/String;Ljava/lang/String;Z)V
oxxxde/تم,kotakbaz/rain/client/listener/Listener,1,unique,oxxxde/دع#add([Loxxxde/تم;)V
oxxxde/تن,kotakbaz/rain/ui/menu/FunTimeEventsApi$LiveOverride,1,unique,oxxxde/تن#copy(Loxxxde/صة;J)Loxxxde/تن;
oxxxde/ته,kotakbaz/rain/client/social/CloudConfigLibrary,1,unique,oxxxde/ته#copy(Ljava/util/List;ZLjava/util/List;)Loxxxde/ته;
oxxxde/تِ,kotakbaz/rain/module/modules/hud/container/Data$Second,4,unique,oxxxde/تً#<init>(Loxxxde/صه;Loxxxde/تِ;)V | oxxxde/تً#getSecond()Loxxxde/تِ; | oxxxde/تً#setSecond(Loxxxde/تِ;)V | oxxxde/تِ#copy(Ljava/lang/String;Ljava/awt/Color;)Loxxxde/تِ;
oxxxde/ث,kotakbaz/rain/ui/menu/EventsCategoryComponent$EventFilter,3,unique,oxxxde/ث#copy(Ljava/lang/String;Ljava/util/List;ZFJLoxxxde/ري;Loxxxde/ري;)Loxxxde/ث; | oxxxde/طك#renderButton(FFFLoxxxde/ث;II)V | oxxxde/طك#updateScrollOffset(Loxxxde/ث;ZF)F
oxxxde/ثء,kotakbaz/rain/ui/menu/EventsCategoryComponent$PanelArea,14,unique,oxxxde/ثء#copy(FFFF)Loxxxde/ثء; | oxxxde/طك#buttonIndex(Loxxxde/ثء;FF)Ljava/lang/Integer; | oxxxde/طك#buttonLayout(Loxxxde/ثء;)Loxxxde/ظٌ; | oxxxde/طك#contains(Loxxxde/ثء;FF)Z | oxxxde/طك#contentArea()Loxxxde/ثء; | oxxxde/طك#eventActionButtonBounds(FFF)Loxxxde/ثء; | oxxxde/طك#eventCardBounds(Loxxxde/ثء;FF)Loxxxde/ثء; | oxxxde/طك#eventCardBoundsAtIndex(Loxxxde/ثء;IF)Loxxxde/ثء; | oxxxde/طك#footerArea(Loxxxde/ثء;)Loxxxde/ثء; | oxxxde/طك#listArea(Loxxxde/ثء;Loxxxde/ثء;)Loxxxde/ثء; | oxxxde/طك#renderButtons(Loxxxde/ثء;II)V | oxxxde/طك#renderEmptyLabel(Loxxxde/ثء;Ljava/lang/String;FF)V | oxxxde/طك#renderEmptyState(Loxxxde/ثء;Ljava/lang/String;)V | oxxxde/طك#renderList(Loxxxde/ثء;Ljava/util/List;FII)V
oxxxde/ثآ,kotakbaz/rain/event/events/OverlayRenderEvent,10,unique,oxxxde/اؤ#onOverlayRender(Loxxxde/ثآ;)V | oxxxde/بآ#onOverlayRender(Loxxxde/ثآ;)V | oxxxde/بط#onOverlayRender(Loxxxde/ثآ;)V | oxxxde/تأ#onRender(Loxxxde/ثآ;)V | oxxxde/ثأ#onOverlayRender(Loxxxde/ثآ;)V | oxxxde/حؤ#onOverlayRender(Loxxxde/ثآ;)V | oxxxde/خا#onOverlayRender(Loxxxde/ثآ;)V | oxxxde/ذً#onOverlayRender(Loxxxde/ثآ;)V | oxxxde/زك#renderContainer(Loxxxde/ثآ;)V | oxxxde/سِ#onOverlayRender(Loxxxde/ثآ;)V
oxxxde/ثج,kotakbaz/rain/module/modules/player/ItemSwapModule$SwapItem,4,unique,oxxxde/تب#currentOffhandType(Lnet/minecraft/item/ItemStack;)Loxxxde/ثج; | oxxxde/تب#findInventorySlot(Loxxxde/ثج;)Ljava/lang/Integer; | oxxxde/تب#selectedFirstItem()Loxxxde/ثج; | oxxxde/تب#targetTypeFor(Loxxxde/ثج;)Loxxxde/ثج;
oxxxde/ثح,kotakbaz/rain/ui/menu/FriendsCategoryComponent$PanelArea,12,unique,oxxxde/ثح#copy(FFFF)Loxxxde/ثح; | oxxxde/طل#contentArea()Loxxxde/ثح; | oxxxde/طل#friendCardBounds(Loxxxde/ثح;FF)Loxxxde/ثح; | oxxxde/طل#friendCardBoundsAtIndex(Loxxxde/ثح;IF)Loxxxde/ثح; | oxxxde/طل#inputBounds(Loxxxde/ثح;)Loxxxde/ثح; | oxxxde/طل#inputRowTop(Loxxxde/ثح;)F | oxxxde/طل#insideInputBox(Loxxxde/ثح;FF)Z | oxxxde/طل#listArea(Loxxxde/ثح;Loxxxde/ثح;)Loxxxde/ثح; | oxxxde/طل#renderEmptyState(Loxxxde/ثح;F)V | oxxxde/طل#renderFooter(Loxxxde/ثح;II)V | oxxxde/طل#renderInputBox(Loxxxde/ثح;Ljava/lang/String;Ljava/lang/String;Ljava/lang/String;Z)V | oxxxde/طل#renderList(Loxxxde/ثح;Ljava/util/List;FII)V
oxxxde/ثخ,kotakbaz/rain/module/modules/render/HitColorModule$DamageAnimation,1,unique,oxxxde/ثخ#copy(FJ)Loxxxde/ثخ;
oxxxde/ثغ,kotakbaz/rain/ui/inventory/InventoryCard,1,unique,oxxxde/تؤ#toggle(Loxxxde/ثغ;)V
oxxxde/ثن,kotakbaz/rain/client/notification/RemoteNotificationService$RemoteNotification,2,unique,oxxxde/ثن#copy(JLjava/lang/String;Ljava/lang/String;Ljava/lang/String;Loxxxde/صظ;)Loxxxde/ثن; | oxxxde/خز#toNotification(Lcom/google/gson/JsonObject;J)Loxxxde/ثن;
oxxxde/ثي,kotakbaz/rain/module/modules/hud/container/Data$Leading$Item,1,unique,oxxxde/ثي#copy(Lnet/minecraft/item/ItemStack;)Loxxxde/ثي;
oxxxde/جء,kotakbaz/rain/client/util/render/display/BlurredRectRenderer,5,unique,oxxxde/جء#border(FLjava/awt/Color;)Loxxxde/جء; | oxxxde/جء#color(Ljava/awt/Color;)Loxxxde/جء; | oxxxde/جء#priority(Loxxxde/صؤ;)Loxxxde/جء; | oxxxde/جء#round(F)Loxxxde/جء; | oxxxde/ذر#getBLURRED_RECT()Loxxxde/جء;
oxxxde/جا,kotakbaz/rain/module/modules/hud/container/Data$Leading$ResourceTexture,1,unique,oxxxde/جا#copy(Lnet/minecraft/util/Identifier;)Loxxxde/جا;
oxxxde/جب,kotakbaz/rain/client/util/render/display/RectRenderer,1,unique,oxxxde/جب#priority(Loxxxde/صؤ;)Loxxxde/جب;
oxxxde/جة,kotakbaz/rain/ui/menu/misc/AnimatedListTracker$Item,1,unique,oxxxde/جة#copy(Ljava/lang/Object;FFZ)Loxxxde/جة;
oxxxde/جث,kotakbaz/rain/client/util/render/display/TextureRectRenderer,6,unique,oxxxde/جء#<init>(Loxxxde/جث;Loxxxde/اْ;)V | oxxxde/جث#border(FLjava/awt/Color;)Loxxxde/جث; | oxxxde/جث#pixelated(F)Loxxxde/جث; | oxxxde/جث#priority(Loxxxde/صؤ;)Loxxxde/جث; | oxxxde/جث#texture(I)Loxxxde/جث; | oxxxde/ذر#getTEXTURE_RECT()Loxxxde/جث;
oxxxde/جظ,kotakbaz/rain/client/render/main/ChromaRenderer$FramebufferState,2,unique,oxxxde/ذخ#beginFramePipelines()Loxxxde/جظ; | oxxxde/ذخ#endFramePipelines(Loxxxde/جظ;)V
oxxxde/جع,kotakbaz/rain/client/util/other/CustomScreen,2,unique,oxxxde/صص#getCustomScreen()Loxxxde/جع; | oxxxde/صص#setCustomScreen(Loxxxde/جع;)V
oxxxde/جغ,kotakbaz/rain/ui/menu/MenuScreen$AvatarPopupRow,1,unique,oxxxde/جغ#copy(Ljava/lang/String;Ljava/lang/String;Ljava/lang/String;)Loxxxde/جغ;
oxxxde/جم,kotakbaz/rain/event/events/ItemUseEvent,1,unique,oxxxde/ثك#onItemUse(Loxxxde/جم;)V
oxxxde/جن,kotakbaz/rain/ui/inventory/FunTimeOnlineHelperController$MenuKind,2,unique,oxxxde/بم#menuKind(Lnet/minecraft/text/Text;)Loxxxde/جن; | oxxxde/بم#selectAnarchyMode(Lnet/minecraft/screen/GenericContainerScreenHandler;Lnet/minecraft/entity/player/PlayerEntity;Loxxxde/جن;J)V
oxxxde/جً,kotakbaz/rain/client/util/render/font/Font,22,unique,oxxxde/اظ#getDefaultFont()Loxxxde/جً; | oxxxde/بط#centeredTopOffset(Loxxxde/جً;FF)F | oxxxde/بق#draw(Loxxxde/جً;Ljava/lang/String;FFFLjava/awt/Color;FZF)V | oxxxde/بق#drawSingle(Loxxxde/جً;Ljava/lang/String;FFFLjava/awt/Color;FFZFF)V | oxxxde/تأ#centeredTopOffset(Loxxxde/جً;FF)F | oxxxde/تض#<init>(Loxxxde/عا;Ljava/lang/String;Ljava/lang/String;Loxxxde/جً;Lkotlin/jvm/functions/Function0;)V | oxxxde/تض#component4()Loxxxde/جً; | oxxxde/تض#copy(Loxxxde/عا;Ljava/lang/String;Ljava/lang/String;Loxxxde/جً;Lkotlin/jvm/functions/Function0;)Loxxxde/تض; | oxxxde/ثأ#centeredTopOffset(Loxxxde/جً;FF)F | oxxxde/جً#centered(Z)Loxxxde/جً; | oxxxde/جً#color(Ljava/awt/Color;)Loxxxde/جً; | oxxxde/جً#priority(Loxxxde/صؤ;)Loxxxde/جً; | oxxxde/جً#resetFade()Loxxxde/جً; | oxxxde/جً#setFade(FFFF)Loxxxde/جً; | oxxxde/جً#thickness(FLjava/awt/Color;)Loxxxde/جً; | oxxxde/ذة#centeredTopOffset(Loxxxde/جً;FF)F | oxxxde/ذً#centeredTopOffset(Loxxxde/جً;FF)F | oxxxde/رَ#get(Ljava/lang/String;Ljava/lang/String;)Loxxxde/جً; | oxxxde/رَ#getGS_BOLD()Loxxxde/جً; | oxxxde/ظس#build()Loxxxde/جً; | oxxxde/عب#<init>(Ljava/lang/String;Loxxxde/جً;FLjava/awt/Color;FF)V | oxxxde/عب#getFont()Loxxxde/جً;
oxxxde/جُ,kotakbaz/rain/module/modules/render/Menu3DModule$Ghost,1,unique,oxxxde/جُ#copy(Loxxxde/اب;JJJ)Loxxxde/جُ;
oxxxde/جّ,kotakbaz/rain/client/render/main/buffer/framebuffer/CustomFramebuffer,1,unique,oxxxde/اْ#applyBlurPass(Loxxxde/خر;Lnet/minecraft/client/gl/Framebuffer;Loxxxde/جّ;II)V
oxxxde/ح,kotakbaz/rain/module/modules/render/SoulsModule$Soul,1,unique,oxxxde/ح#copy(Lnet/minecraft/util/math/Vec3d;JLnet/minecraft/client/network/OtherClientPlayerEntity;F)Loxxxde/ح;
oxxxde/حأ,kotakbaz/rain/module/modules/player/FuntimeHelperModule$HeldNameCache,1,unique,oxxxde/ثك#normalizedName(Lnet/minecraft/item/ItemStack;Loxxxde/حأ;)Ljava/lang/String;
oxxxde/حح,kotakbaz/rain/client/waypoint/WayPointManager$RemoveResult,1,unique,oxxxde/ذة#remove(Ljava/lang/String;)Loxxxde/حح;
oxxxde/حخ,kotakbaz/rain/client/render/main/builders/GlProgramBuilder,1,unique,oxxxde/طء#createShaderBuilder(Ljava/lang/String;Ljava/lang/String;Ljava/lang/String;)Loxxxde/حخ;
oxxxde/حض,kotakbaz/rain/ui/menu/ModuleComponent,3,unique,oxxxde/عس#<init>(Loxxxde/حض;ZFFFLoxxxde/ري;)V | oxxxde/عس#component1()Loxxxde/حض; | oxxxde/عس#copy(Loxxxde/حض;ZFFFLoxxxde/ري;)Loxxxde/عس;
oxxxde/حظ,kotakbaz/rain/ui/mainmenu/changelog/ChangeLogVersion,1,unique,oxxxde/بغ#add(Loxxxde/حظ;)Loxxxde/بغ;
oxxxde/حع,kotakbaz/rain/client/util/render/DeferredGuiIconRenderer$Request,1,unique,oxxxde/حع#copy(FFFILoxxxde/صؤ;)Loxxxde/حع;
oxxxde/حم,kotakbaz/rain/ui/menu/ConfigEntryComponent,1,unique,oxxxde/ضز#createConfigEntry(Loxxxde/صٌ;)Loxxxde/حم;
oxxxde/حه,kotakbaz/rain/module/modules/render/PredictsModule$HeldWeapon,5,unique,oxxxde/جق#createLaunches(Lnet/minecraft/entity/player/PlayerEntity;Loxxxde/حه;Lnet/minecraft/util/math/Vec3d;F)Ljava/util/List; | oxxxde/جق#findHeldWeapon(Lnet/minecraft/entity/player/PlayerEntity;)Loxxxde/حه; | oxxxde/جق#previewAlpha(Lnet/minecraft/entity/player/PlayerEntity;Loxxxde/حه;F)F | oxxxde/جق#resolveWeapon(Lnet/minecraft/item/ItemStack;)Loxxxde/حه; | oxxxde/حه#copy(Lnet/minecraft/item/ItemStack;Loxxxde/ذظ;)Loxxxde/حه;
oxxxde/حي,kotakbaz/rain/module/modules/render/HitParticlesModule$BurstParticle,5,unique,oxxxde/حي#copy(Loxxxde/طص;JJJFIDDFDDDDDDDDDDFFFFIZ)Loxxxde/حي; | oxxxde/دظ#dragFactor(Loxxxde/حي;D)D | oxxxde/دظ#renderParticle(Loxxxde/شث;Lnet/minecraft/client/render/VertexConsumer;Loxxxde/حي;Lnet/minecraft/util/math/Vec3d;Ljava/awt/Color;)V | oxxxde/دظ#simulateFreeParticle(Loxxxde/حي;D)V | oxxxde/دظ#simulateParticle(Loxxxde/حي;DLnet/minecraft/client/world/ClientWorld;Lnet/minecraft/entity/player/PlayerEntity;)V
oxxxde/حٌ,kotakbaz/rain/module/modules/render/ModuleCustomHitBox$DamageAnimation,1,unique,oxxxde/حٌ#copy(FJ)Loxxxde/حٌ;
oxxxde/حٍ,kotakbaz/rain/ui/menu/FunTimeEventsApi$LiveCountdown,1,unique,oxxxde/حٍ#copy(Ljava/lang/Integer;J)Loxxxde/حٍ;
oxxxde/خب,kotakbaz/rain/module/modules/render/BlinkModule$BlinkSnapshot,3,unique,oxxxde/بَ#renderPlayerSnapshot(Loxxxde/شث;Lnet/minecraft/client/render/VertexConsumer;Loxxxde/خب;Ljava/awt/Color;Lnet/minecraft/util/math/Vec3d;)V | oxxxde/جح#from(Lnet/minecraft/entity/player/PlayerEntity;Lnet/minecraft/util/math/Vec3d;J)Loxxxde/خب; | oxxxde/خب#copy(JLnet/minecraft/util/math/Vec3d;FFFFFZ)Loxxxde/خب;
oxxxde/خة,kotakbaz/rain/client/render/main/program/uniform/uniforms/sampler/SamplerUniform,1,unique,oxxxde/ظب#apply(Loxxxde/خة;)V
oxxxde/خت,kotakbaz/rain/ui/inventory/InventorySorter$Click,3,unique,oxxxde/خت#copy(IILnet/minecraft/screen/slot/SlotActionType;)Loxxxde/خت; | oxxxde/طٍ#pickup(I)Loxxxde/خت; | oxxxde/طٍ#swap(II)Loxxxde/خت;
oxxxde/خذ,kotakbaz/rain/module/setting/settings/BooleanSetting,13,unique,oxxxde/خذ#onChange(Lkotlin/jvm/functions/Function1;)Loxxxde/خذ; | oxxxde/دِ#boolean(Ljava/lang/String;ZLjava/lang/String;)Loxxxde/خذ; | oxxxde/ذج#getAnimateHotbar()Loxxxde/خذ; | oxxxde/ذس#<init>(Loxxxde/خذ;)V | oxxxde/زت#getRemoveBackground()Loxxxde/خذ; | oxxxde/زغ#<init>(Lnet/minecraft/item/Item;Loxxxde/خذ;Loxxxde/رت;)V | oxxxde/زغ#component2()Loxxxde/خذ; | oxxxde/زغ#copy(Lnet/minecraft/item/Item;Loxxxde/خذ;Loxxxde/رت;)Loxxxde/زغ; | oxxxde/شص#getWater()Loxxxde/خذ; | oxxxde/صب#getNoScoreboard()Loxxxde/خذ; | oxxxde/صِ#getNoHurtCam()Loxxxde/خذ; | oxxxde/ضت#getShowWaypoints()Loxxxde/خذ; | oxxxde/طب#<init>(Loxxxde/خذ;Loxxxde/رت;)V
oxxxde/خر,kotakbaz/rain/client/render/main/program/GlProgram,3,unique,oxxxde/اْ#applyBlurPass(Loxxxde/خر;Lnet/minecraft/client/gl/Framebuffer;Loxxxde/جّ;II)V | oxxxde/طء#getGlProgram()Loxxxde/خر; | oxxxde/طء#setGlobalProgram(Loxxxde/خر;)V
oxxxde/خف,kotakbaz/rain/ui/menu/render/MenuScrollBarRenderer$State,2,unique,oxxxde/جل#render(Loxxxde/زْ;FFFFFFZ)Loxxxde/خف; | oxxxde/خف#copy(FFFFFFZ)Loxxxde/خف;
oxxxde/خٌ,kotakbaz/rain/config/ConfigManager$ParsedConfig,5,unique,oxxxde/اك#applyConfig(Loxxxde/خٌ;)V | oxxxde/اك#migrateLoadedConfig(Ljava/nio/file/Path;Loxxxde/خٌ;)V | oxxxde/اك#parseConfig(Ljava/nio/file/Path;)Loxxxde/خٌ; | oxxxde/اك#parseConfigRoot(Lcom/google/gson/JsonObject;)Loxxxde/خٌ; | oxxxde/خٌ#copy(ILjava/lang/String;Loxxxde/دة;Ljava/util/List;Ljava/util/List;)Loxxxde/خٌ;
oxxxde/خَ,kotakbaz/rain/ui/menu/FunTimeEventsApi$Snapshot,2,unique,oxxxde/خم#snapshot()Loxxxde/خَ; | oxxxde/خَ#copy(JLjava/util/List;ZZJ)Loxxxde/خَ;
oxxxde/دء,kotakbaz/rain/config/ConfigManager$ModuleUpdate,2,unique,oxxxde/اك#parseModule(Loxxxde/دِ;Lcom/google/gson/JsonObject;I)Loxxxde/دء; | oxxxde/دء#copy(Loxxxde/دِ;Ljava/lang/Integer;Ljava/lang/Boolean;Ljava/util/List;)Loxxxde/دء;
oxxxde/دآ,kotakbaz/rain/client/draggable/HudAlignment$Pos,2,unique,oxxxde/دآ#copy(FF)Loxxxde/دآ; | oxxxde/ضش#snap(Loxxxde/ظذ;FF)Loxxxde/دآ;
oxxxde/دا,kotakbaz/rain/ui/mainmenu/changelog/ChangeLogItem,4,unique,oxxxde/بغ#itemColor(Loxxxde/دا;)Ljava/awt/Color; | oxxxde/بغ#itemIcon(Loxxxde/دا;)Ljava/lang/String; | oxxxde/حظ#<init>(Ljava/lang/String;[Loxxxde/دا;)V | oxxxde/دا#copy(Ljava/lang/String;Ljava/lang/String;)Loxxxde/دا;
oxxxde/دة,kotakbaz/rain/config/CloudConfigOrigin,10,unique,oxxxde/اك#getCloudOrigin(Ljava/lang/String;)Loxxxde/دة; | oxxxde/اك#serializeCloudOrigin(Loxxxde/دة;)Lcom/google/gson/JsonObject; | oxxxde/اك#serializeConfig(Ljava/lang/String;Loxxxde/دة;)Lcom/google/gson/JsonObject; | oxxxde/خٌ#<init>(ILjava/lang/String;Loxxxde/دة;Ljava/util/List;Ljava/util/List;)V | oxxxde/خٌ#component3()Loxxxde/دة; | oxxxde/خٌ#copy(ILjava/lang/String;Loxxxde/دة;Ljava/util/List;Ljava/util/List;)Loxxxde/خٌ; | oxxxde/دة#copy(Ljava/lang/String;Ljava/lang/String;Ljava/lang/String;JZILjava/lang/String;ZZ)Loxxxde/دة; | oxxxde/صٌ#<init>(Ljava/lang/String;Ljava/lang/String;Loxxxde/دة;)V | oxxxde/صٌ#component3()Loxxxde/دة; | oxxxde/صٌ#copy(Ljava/lang/String;Ljava/lang/String;Loxxxde/دة;)Loxxxde/صٌ;
oxxxde/دث,kotakbaz/rain/module/modules/render/HitBubblesModule$Particle,2,unique,oxxxde/دث#copy(JLnet/minecraft/util/math/Vec3d;Lorg/joml/Quaternionf;FFF)Loxxxde/دث; | oxxxde/سٌ#renderParticle(Loxxxde/شث;Lnet/minecraft/client/render/VertexConsumer;Loxxxde/دث;Lnet/minecraft/util/math/Vec3d;FFF)V
oxxxde/دح,kotakbaz/rain/client/util/render/font/FontData$GlyphData,1,unique,oxxxde/شُ#<init>(Loxxxde/دح;FF)V
oxxxde/در,kotakbaz/rain/ui/menu/ConfigSettingsPopup,3,unique,oxxxde/در#copy(Ljava/lang/String;Loxxxde/بل;)Loxxxde/در; | oxxxde/ضز#activeSettingsPopup(Loxxxde/ذأ;)Loxxxde/در; | oxxxde/ضز#settingsPopupButtonBounds(Loxxxde/در;I)Loxxxde/بل;
oxxxde/دش,kotakbaz/rain/event/events/ChatMessageEvent,4,unique,oxxxde/اف#onChat(Loxxxde/دش;)V | oxxxde/ثو#onMessage(Loxxxde/دش;)V | oxxxde/دّ#onMessage(Loxxxde/دش;)V | oxxxde/ذِ#onChatMessage(Loxxxde/دش;)V
oxxxde/دص,kotakbaz/rain/config/ConfigManager$CreateResult,1,unique,oxxxde/اك#create(Ljava/lang/String;)Loxxxde/دص;
oxxxde/دض,kotakbaz/rain/module/modules/hud/MediaPlayerInfoModule$HudPosition,1,unique,oxxxde/بط#resolvePosition(FF)Loxxxde/دض;
oxxxde/دغ,kotakbaz/rain/module/modules/hud/container/Data$Leading,5,unique,oxxxde/تً#leadingWidthChanged(Loxxxde/دغ;Loxxxde/دغ;)Z | oxxxde/زك#drawLeading(Loxxxde/دغ;FFFFF)V | oxxxde/صه#<init>(Ljava/lang/String;Loxxxde/دغ;)V | oxxxde/صه#component2()Loxxxde/دغ; | oxxxde/صه#copy(Ljava/lang/String;Loxxxde/دغ;)Loxxxde/صه;
oxxxde/دك,kotakbaz/rain/ui/menu/FunTimeEventsApi$Candidate,3,unique,oxxxde/خم#mergeDuplicates(Ljava/util/List;)Loxxxde/دك; | oxxxde/خم#toCandidate(Loxxxde/سآ;)Loxxxde/دك; | oxxxde/دك#copy(Ljava/lang/String;Ljava/lang/String;Loxxxde/شة;ILjava/lang/String;Z)Loxxxde/دك;
oxxxde/دم,kotakbaz/rain/friend/FriendManager$AddResult,1,unique,oxxxde/شغ#add(Ljava/lang/String;)Loxxxde/دم;
oxxxde/دي,kotakbaz/rain/ui/inventory/InventoryPreset,5,unique,oxxxde/ثغ#<init>(Loxxxde/دي;)V | oxxxde/خج#encode(Loxxxde/دي;Lnet/minecraft/registry/RegistryWrapper$WrapperLookup;)Lnet/minecraft/nbt/NbtCompound; | oxxxde/خج#read(Ljava/nio/file/Path;Lnet/minecraft/registry/RegistryWrapper$WrapperLookup;)Loxxxde/دي; | oxxxde/خج#save(Ljava/lang/String;Loxxxde/ّ;Lnet/minecraft/registry/RegistryWrapper$WrapperLookup;)Loxxxde/دي; | oxxxde/دي#copy(Ljava/util/UUID;Ljava/lang/String;Loxxxde/ّ;J)Loxxxde/دي;
oxxxde/دِ,kotakbaz/rain/module/Module,21,unique,oxxxde/اك#findModuleJson(Lcom/google/gson/JsonObject;Loxxxde/دِ;)Lcom/google/gson/JsonObject; | oxxxde/اك#findSettingElement(Ljava/util/List;Loxxxde/رف;ILcom/google/gson/JsonObject;ILoxxxde/دِ;)Lcom/google/gson/JsonElement; | oxxxde/اك#legacySettingIndex(Loxxxde/دِ;ILcom/google/gson/JsonObject;)I | oxxxde/اك#moduleConfigKey(Loxxxde/دِ;)Ljava/lang/String; | oxxxde/اك#parseModule(Loxxxde/دِ;Lcom/google/gson/JsonObject;I)Loxxxde/دء; | oxxxde/اك#parseSettings(Ljava/util/List;Lcom/google/gson/JsonObject;ILoxxxde/دِ;)Ljava/util/List; | oxxxde/اك#serializeModule(Loxxxde/دِ;)Lcom/google/gson/JsonObject; | oxxxde/اُ#moduleOnFuntime(Loxxxde/دِ;Lkotlin/jvm/functions/Function0;)Loxxxde/دِ; | oxxxde/اُ#moduleOnServer(Loxxxde/دِ;Ljava/lang/String;Lkotlin/jvm/functions/Function0;)Loxxxde/دِ; | oxxxde/ثٌ#create(Loxxxde/دِ;Ljava/lang/String;FF)Loxxxde/ظذ; | oxxxde/حض#<init>(Loxxxde/دِ;)V | oxxxde/حض#getModule()Loxxxde/دِ; | oxxxde/حْ#isBlocked(Loxxxde/دِ;)Z | oxxxde/خً#add([Loxxxde/دِ;)V | oxxxde/دء#<init>(Loxxxde/دِ;Ljava/lang/Integer;Ljava/lang/Boolean;Ljava/util/List;)V | oxxxde/دء#component1()Loxxxde/دِ; | oxxxde/دء#copy(Loxxxde/دِ;Ljava/lang/Integer;Ljava/lang/Boolean;Ljava/util/List;)Loxxxde/دء; | oxxxde/دِ#setVisibleInGui(Lkotlin/jvm/functions/Function0;)Loxxxde/دِ; | oxxxde/سِ#showMessage(Loxxxde/دِ;Ljava/lang/String;)V | oxxxde/سِ#showModuleState(Loxxxde/دِ;Z)V | oxxxde/ظذ#getModule()Loxxxde/دِ;
oxxxde/دْ,kotakbaz/rain/module/modules/render/TrailsModule$TrailPoint,1,unique,oxxxde/دْ#copy(Lnet/minecraft/util/math/Vec3d;I)Loxxxde/دْ;
oxxxde/ذأ,kotakbaz/rain/ui/menu/ConfigContentArea,11,unique,oxxxde/ذأ#copy(FFFF)Loxxxde/ذأ; | oxxxde/ضز#activeSettingsPopup(Loxxxde/ذأ;)Loxxxde/در; | oxxxde/ضز#configEntryBounds(Loxxxde/ذأ;FFF)Loxxxde/ذأ; | oxxxde/ضز#configEntryBoundsAtIndex(Loxxxde/ذأ;IFF)Loxxxde/ذأ; | oxxxde/ضز#pageTabContains(Loxxxde/ذأ;IFF)Z | oxxxde/ضز#pageTabIndex(Loxxxde/ذأ;FF)Ljava/lang/Integer; | oxxxde/ضز#pageTabWidth(Loxxxde/ذأ;)F | oxxxde/ضز#pageTabsArea()Loxxxde/ذأ; | oxxxde/ضز#renderEmptyState(Loxxxde/ذأ;F)V | oxxxde/ضز#renderPageTab(Loxxxde/ذأ;ILjava/lang/String;FII)V | oxxxde/ضز#renderPageTabs(Loxxxde/ذأ;II)V
oxxxde/ذإ,kotakbaz/rain/ui/menu/misc/AnimatedTextTransition$Layer,1,unique,oxxxde/ذإ#copy(Ljava/lang/String;FF)Loxxxde/ذإ;
oxxxde/ذث,kotakbaz/rain/ui/api/RenderIn,1,unique,oxxxde/حئ#getPipelines(Loxxxde/ذث;)Ljava/util/List;
oxxxde/ذط,kotakbaz/rain/module/modules/render/HitParticlesModule$SpawnMotion,2,unique,oxxxde/دظ#createSpawnMotion(Loxxxde/طص;IIDD)Loxxxde/ذط; | oxxxde/ذط#copy(Lnet/minecraft/util/math/Vec3d;Lnet/minecraft/util/math/Vec3d;DDFDDDF)Loxxxde/ذط;
oxxxde/ذظ,kotakbaz/rain/module/modules/render/predicts/PredictedProjectile,6,unique,oxxxde/حه#<init>(Lnet/minecraft/item/ItemStack;Loxxxde/ذظ;)V | oxxxde/حه#component2()Loxxxde/ذظ; | oxxxde/حه#copy(Lnet/minecraft/item/ItemStack;Loxxxde/ذظ;)Loxxxde/حه; | oxxxde/ظر#<init>(Lnet/minecraft/util/math/Vec3d;Lnet/minecraft/util/math/Vec3d;Loxxxde/ذظ;DLnet/minecraft/util/math/Vec3d;)V | oxxxde/ظر#component3()Loxxxde/ذظ; | oxxxde/ظر#copy(Lnet/minecraft/util/math/Vec3d;Lnet/minecraft/util/math/Vec3d;Loxxxde/ذظ;DLnet/minecraft/util/math/Vec3d;)Loxxxde/ظر;
oxxxde/ذف,kotakbaz/rain/ui/inventory/FunTimeOnlineHelperController$State,1,unique,oxxxde/بم#transition(Loxxxde/ذف;J)V
oxxxde/ذق,kotakbaz/rain/ui/inventory/FunTimeOnlineHelperController$ServerCandidate,1,unique,oxxxde/ذق#copy(IIIII)Loxxxde/ذق;
oxxxde/ذم,kotakbaz/rain/event/events/AttackEvent,10,unique,oxxxde/بو#onAttack(Loxxxde/ذم;)V | oxxxde/جط#onAttack(Loxxxde/ذم;)V | oxxxde/دظ#onAttack(Loxxxde/ذم;)V | oxxxde/ذك#onAttack(Loxxxde/ذم;)V | oxxxde/زب#onAttack(Loxxxde/ذم;)V | oxxxde/سٌ#onAttack(Loxxxde/ذم;)V | oxxxde/شك#onAttack(Loxxxde/ذم;)V | oxxxde/ضع#onAttack(Loxxxde/ذم;)V | oxxxde/ضق#onAttack(Loxxxde/ذم;)V | oxxxde/ظؤ#onAttack(Loxxxde/ذم;)V
oxxxde/ذو,kotakbaz/rain/friend/FriendManager$FriendEntry,6,unique,oxxxde/ذو#copy(Ljava/lang/String;Ljava/lang/String;Z)Loxxxde/ذو; | oxxxde/سؤ#loadSkin(Loxxxde/ذو;Ljava/lang/String;)V | oxxxde/سؤ#requestSkin(Loxxxde/ذو;)V | oxxxde/شغ#getFriend(Ljava/lang/String;)Loxxxde/ذو; | oxxxde/طل#renderFriendFace(Loxxxde/ذو;FFFF)V | oxxxde/طل#renderRow(Loxxxde/ذو;FFFIIF)V
oxxxde/ذي,kotakbaz/rain/ui/menu/CategoryComponent$ModelCard,2,unique,oxxxde/جر#renderModelsCard(Loxxxde/شخ;Loxxxde/ذي;IIF)V | oxxxde/ذي#copy(Ljava/lang/String;Loxxxde/طن;)Loxxxde/ذي;
oxxxde/ذُ,kotakbaz/rain/module/setting/settings/BindSetting,2,unique,oxxxde/دِ#bind(Ljava/lang/String;ILjava/lang/String;)Loxxxde/ذُ; | oxxxde/ذ#<init>(Loxxxde/ذُ;)V
oxxxde/ذْ,kotakbaz/rain/module/modules/hud/MediaPlayerInfoModule$Bounds,2,unique,oxxxde/بط#attachedBounds()Loxxxde/ذْ; | oxxxde/ذْ#copy(FFFF)Loxxxde/ذْ;
oxxxde/رأ,kotakbaz/rain/event/events/HandSwingEvent,1,unique,oxxxde/ثِ#onHandSwing(Loxxxde/رأ;)V
oxxxde/رت,kotakbaz/rain/module/setting/settings/ColorSetting,7,unique,oxxxde/بؤ#getFogColor()Loxxxde/رت; | oxxxde/ثٍ#<init>(Loxxxde/رت;)V | oxxxde/دِ#color(Ljava/lang/String;Ljava/awt/Color;Ljava/lang/String;)Loxxxde/رت; | oxxxde/زغ#<init>(Lnet/minecraft/item/Item;Loxxxde/خذ;Loxxxde/رت;)V | oxxxde/زغ#component3()Loxxxde/رت; | oxxxde/زغ#copy(Lnet/minecraft/item/Item;Loxxxde/خذ;Loxxxde/رت;)Loxxxde/زغ; | oxxxde/طب#<init>(Loxxxde/خذ;Loxxxde/رت;)V
oxxxde/رخ,kotakbaz/rain/module/modules/hud/NotifyModule$ModuleStateNotification,3,unique,oxxxde/سِ#drawStatus(Loxxxde/رخ;FFFF)V | oxxxde/سِ#renderModuleStateNotification(Loxxxde/رخ;FF)F | oxxxde/سِ#statusTransitionProgress(Loxxxde/رخ;)F
oxxxde/رذ,kotakbaz/rain/ui/menu/settings/impl/ColorSettingComponent$Layout,2,unique,oxxxde/ثٍ#expandedLayout()Loxxxde/رذ; | oxxxde/رذ#copy(Loxxxde/طً;Loxxxde/طً;Loxxxde/طً;Loxxxde/طً;Loxxxde/طً;)Loxxxde/رذ;
oxxxde/رص,kotakbaz/rain/client/util/render/engine/controls/RectType,2,unique,oxxxde/زج#type(Loxxxde/رص;)Loxxxde/زج; | oxxxde/ضِ#type(Loxxxde/رص;)Loxxxde/ضِ;
oxxxde/رض,kotakbaz/rain/client/draggable/animation/Easing,1,unique,oxxxde/سط#run(FJLoxxxde/رض;)Loxxxde/سط;
oxxxde/رف,kotakbaz/rain/module/setting/Setting,13,unique,oxxxde/آ#<init>(Loxxxde/رف;)V | oxxxde/آ#getSetting()Loxxxde/رف; | oxxxde/إ#<init>(Loxxxde/رف;Ljava/lang/Object;)V | oxxxde/إ#component1()Loxxxde/رف; | oxxxde/إ#copy(Loxxxde/رف;Ljava/lang/Object;)Loxxxde/إ; | oxxxde/اك#findSettingElement(Ljava/util/List;Loxxxde/رف;ILcom/google/gson/JsonObject;ILoxxxde/دِ;)Lcom/google/gson/JsonElement; | oxxxde/اك#parseSettingValue(Loxxxde/رف;Lcom/google/gson/JsonElement;I)Ljava/lang/Object; | oxxxde/اك#serializeSettingValue(Loxxxde/رف;)Lcom/google/gson/JsonElement; | oxxxde/اك#settingValue(Loxxxde/رف;)Ljava/lang/Object; | oxxxde/اُ#settingOnFuntime(Loxxxde/رف;Lkotlin/jvm/functions/Function0;)Loxxxde/رف; | oxxxde/اُ#settingOnServer(Loxxxde/رف;Ljava/lang/String;Lkotlin/jvm/functions/Function0;)Loxxxde/رف; | oxxxde/ثس#create(Loxxxde/رف;)Loxxxde/آ; | oxxxde/رف#setVisible(Lkotlin/jvm/functions/Function0;)Loxxxde/رف;
oxxxde/رك,kotakbaz/rain/event/events/TotemPopEvent,3,unique,oxxxde/جط#onTotemPop(Loxxxde/رك;)V | oxxxde/رك#copy(Lnet/minecraft/entity/player/PlayerEntity;)Loxxxde/رك; | oxxxde/زب#onTotemPop(Loxxxde/رك;)V
oxxxde/رن,kotakbaz/rain/module/modules/hud/NotifyModule$MessageNotification,4,unique,oxxxde/سِ#drawMessageSegments(Loxxxde/رن;Ljava/util/List;FFFF)V | oxxxde/سِ#drawMessageText(Loxxxde/رن;FFFF)V | oxxxde/سِ#messageTransitionProgress(Loxxxde/رن;)F | oxxxde/سِ#renderMessageNotification(Loxxxde/رن;FFF)F
oxxxde/ري,kotakbaz/rain/client/util/animations/AnimationUtil,13,unique,oxxxde/تً#getAnimation()Loxxxde/ري; | oxxxde/ث#<init>(Ljava/lang/String;Ljava/util/List;ZFJLoxxxde/ري;Loxxxde/ري;)V | oxxxde/ث#component6()Loxxxde/ري; | oxxxde/ث#copy(Ljava/lang/String;Ljava/util/List;ZFJLoxxxde/ري;Loxxxde/ري;)Loxxxde/ث; | oxxxde/ثغ#getSelectionAnimation()Loxxxde/ري; | oxxxde/ز#<init>(ILjava/lang/String;Ljava/lang/String;Ljava/lang/String;ZLoxxxde/ري;)V | oxxxde/ز#component6()Loxxxde/ري; | oxxxde/ز#copy(ILjava/lang/String;Ljava/lang/String;Ljava/lang/String;ZLoxxxde/ري;)Loxxxde/ز; | oxxxde/سش#<init>(Ljava/lang/Object;FZLoxxxde/ري;Loxxxde/ري;)V | oxxxde/سش#getPresenceAnimation()Loxxxde/ري; | oxxxde/عس#<init>(Loxxxde/حض;ZFFFLoxxxde/ري;)V | oxxxde/عس#component6()Loxxxde/ري; | oxxxde/عس#copy(Loxxxde/حض;ZFFFLoxxxde/ري;)Loxxxde/عس;
oxxxde/رً,kotakbaz/rain/client/draggable/HudAlignment$Axis,2,unique,oxxxde/رً#copy(FLjava/lang/Float;)Loxxxde/رً; | oxxxde/ضش#snapAxis(FFZ)Loxxxde/رً;
oxxxde/رٍ,kotakbaz/rain/ui/inventory/InventorySlotState,4,unique,oxxxde/سز#stateOf(Lnet/minecraft/item/ItemStack;Lnet/minecraft/item/ItemStack;)Loxxxde/رٍ; | oxxxde/سق#<init>(Loxxxde/رٍ;Lnet/minecraft/item/ItemStack;Ljava/lang/Integer;Z)V | oxxxde/سق#component1()Loxxxde/رٍ; | oxxxde/سق#copy(Loxxxde/رٍ;Lnet/minecraft/item/ItemStack;Ljava/lang/Integer;Z)Loxxxde/سق;
oxxxde/رُ,kotakbaz/rain/ui/inventory/ChestSorterController$Click,4,unique,oxxxde/ثث#performClick(Lnet/minecraft/screen/GenericContainerScreenHandler;Lnet/minecraft/entity/player/PlayerEntity;Loxxxde/رُ;)V | oxxxde/ثث#pickup(I)Loxxxde/رُ; | oxxxde/ثث#recoveryClick(Lnet/minecraft/screen/GenericContainerScreenHandler;)Loxxxde/رُ; | oxxxde/رُ#copy(IILnet/minecraft/screen/slot/SlotActionType;)Loxxxde/رُ;
oxxxde/رْ,kotakbaz/rain/module/modules/render/ViewModelModule$HandHitbox,5,unique,oxxxde/رْ#copy(DDDD)Loxxxde/رْ; | oxxxde/زأ#handHitbox(Lnet/minecraft/util/Hand;II)Loxxxde/رْ; | oxxxde/ظم#<init>(Lnet/minecraft/util/Hand;Loxxxde/رْ;D)V | oxxxde/ظم#component2()Loxxxde/رْ; | oxxxde/ظم#copy(Lnet/minecraft/util/Hand;Loxxxde/رْ;D)Loxxxde/ظم;
oxxxde/ز,kotakbaz/rain/ui/menu/EventsCategoryComponent$EventEntry,2,unique,oxxxde/ز#copy(ILjava/lang/String;Ljava/lang/String;Ljava/lang/String;ZLoxxxde/ري;)Loxxxde/ز; | oxxxde/طك#renderCard(Loxxxde/ز;FFFIIF)V
oxxxde/زج,kotakbaz/rain/client/util/render/display/AdvancedRectRenderer,7,unique,oxxxde/جث#<init>(Loxxxde/زج;)V | oxxxde/ذر#getADVANCED_RECT()Loxxxde/زج; | oxxxde/زج#border(FLjava/awt/Color;)Loxxxde/زج; | oxxxde/زج#color(Ljava/awt/Color;)Loxxxde/زج; | oxxxde/زج#round(F)Loxxxde/زج; | oxxxde/زج#type(Loxxxde/رص;)Loxxxde/زج; | oxxxde/ضِ#<init>(Loxxxde/زج;)V
oxxxde/زش,kotakbaz/rain/event/events/JumpEvent,1,unique,oxxxde/شح#onJump(Loxxxde/زش;)V
oxxxde/زص,kotakbaz/rain/ui/menu/ConfigEntryActionBounds,3,unique,oxxxde/حم#renderNameEditor(Loxxxde/زص;)V | oxxxde/حم#settingsButtonBounds()Loxxxde/زص; | oxxxde/زص#copy(FFFF)Loxxxde/زص;
oxxxde/زع,kotakbaz/rain/client/util/other/ScrollUtil,1,unique,oxxxde/زع#setMax(F)Loxxxde/زع;
oxxxde/زغ,kotakbaz/rain/module/modules/render/ItemHighliterModule$HighlightEntry,2,unique,oxxxde/ثر#highlightEntry(Lnet/minecraft/item/Item;Ljava/lang/String;Ljava/awt/Color;Ljava/lang/String;Ljava/lang/String;)Loxxxde/زغ; | oxxxde/زغ#copy(Lnet/minecraft/item/Item;Loxxxde/خذ;Loxxxde/رت;)Loxxxde/زغ;
oxxxde/زه,kotakbaz/rain/ui/menu/FunTimeEventsApi$ParsedResponse,3,unique,oxxxde/خم#parse(Ljava/lang/String;J)Loxxxde/زه; | oxxxde/خم#publishSuccess(Loxxxde/زه;)V | oxxxde/زه#copy(Ljava/util/List;JLjava/util/Map;)Loxxxde/زه;
oxxxde/زً,kotakbaz/rain/ui/menu/PointsCategoryComponent$InputField,6,unique,oxxxde/تك#<init>(Loxxxde/زً;FFFF)V | oxxxde/تك#component1()Loxxxde/زً; | oxxxde/تك#copy(Loxxxde/زً;FFFF)Loxxxde/تك; | oxxxde/رِ#appendKeyName(Loxxxde/زً;Ljava/lang/String;)V | oxxxde/رِ#fieldValue(Loxxxde/زً;)Ljava/lang/String; | oxxxde/زً#next()Loxxxde/زً;
oxxxde/زّ,kotakbaz/rain/module/modules/render/TargetEspModule$QuadVertices,1,unique,oxxxde/زّ#copy(FFFLjava/awt/Color;FFFLjava/awt/Color;FFFLjava/awt/Color;FFFLjava/awt/Color;)Loxxxde/زّ;
oxxxde/زْ,kotakbaz/rain/ui/menu/layout/MenuLayout,12,unique,oxxxde/جخ#render(Loxxxde/زْ;FFF)V | oxxxde/جل#render(Loxxxde/زْ;FFFFFFZ)Loxxxde/خف; | oxxxde/حز#avatarBounds(Loxxxde/زْ;)Loxxxde/طآ; | oxxxde/حز#avatarPopupBounds(Loxxxde/زْ;FLoxxxde/تذ;)Loxxxde/طآ; | oxxxde/حز#renderAvatarPopup(Loxxxde/زْ;FFIIF)V | oxxxde/حز#renderConfigCreatePopup(Loxxxde/زْ;ZFFF)V | oxxxde/زْ#copy(FFFFFFFFIZZZ)Loxxxde/زْ; | oxxxde/طا#render(Loxxxde/زْ;Loxxxde/ظص;Ljava/lang/String;ZZFZZFFF)V | oxxxde/طا#renderCategoryContent(Loxxxde/زْ;Loxxxde/ظص;FFF)V | oxxxde/طا#renderCategorySection(Loxxxde/زْ;Loxxxde/ظص;FF)V | oxxxde/طا#renderConfigActionButton(Loxxxde/زْ;FFF)V | oxxxde/طا#renderSearchSection(Loxxxde/زْ;Loxxxde/ظص;Ljava/lang/String;ZZZZFFF)V
oxxxde/سآ,kotakbaz/rain/ui/menu/FunTimeEventsApi$RawEvent,3,unique,oxxxde/خم#parseEvent(Lcom/google/gson/JsonObject;)Loxxxde/سآ; | oxxxde/خم#toCandidate(Loxxxde/سآ;)Loxxxde/دك; | oxxxde/سآ#copy(Ljava/lang/String;Ljava/lang/String;Ljava/lang/String;ILjava/lang/String;)Loxxxde/سآ;
oxxxde/سئ,kotakbaz/rain/client/render/main/vertex/element/VertexElement,2,unique,oxxxde/شُ#addVertex(Loxxxde/ان;FFFFFFFFFFFFLoxxxde/سئ;Loxxxde/سئ;Loxxxde/سئ;Loxxxde/سئ;Loxxxde/سئ;Loxxxde/سئ;FFFF)V | oxxxde/شُ#apply(Loxxxde/ان;FFFFIFFFIFFFFLoxxxde/سئ;Loxxxde/سئ;Loxxxde/سئ;Loxxxde/سئ;Loxxxde/سئ;Loxxxde/سئ;)F
oxxxde/سا,kotakbaz/rain/client/render/main/vertex/format/VertexFormat,4,unique,oxxxde/اْ#vertexFormat()Loxxxde/سا; | oxxxde/جً#vertexFormat()Loxxxde/سا; | oxxxde/زج#vertexFormat()Loxxxde/سا; | oxxxde/طء#vertexFormat()Loxxxde/سا;
oxxxde/سة,kotakbaz/rain/client/util/color/QuadColor,3,unique,oxxxde/جب#getCachedColor()Loxxxde/سة; | oxxxde/زج#drawConst(FFFFLoxxxde/سة;Lorg/joml/Vector4f;FFFFFFFLjava/awt/Color;)V | oxxxde/زج#drawRect(FFFFLoxxxde/سة;Lorg/joml/Vector4f;FLjava/awt/Color;)V
oxxxde/سح,kotakbaz/rain/event/events/PlayerUpdateEvent,25,unique,oxxxde/اإ#onUpdate(Loxxxde/سح;)V | oxxxde/بإ#onUpdate(Loxxxde/سح;)V | oxxxde/بَ#onUpdate(Loxxxde/سح;)V | oxxxde/تب#onUpdate(Loxxxde/سح;)V | oxxxde/ثأ#onUpdate(Loxxxde/سح;)V | oxxxde/ثة#onUpdate(Loxxxde/سح;)V | oxxxde/جط#onUpdate(Loxxxde/سح;)V | oxxxde/حش#onUpdate(Loxxxde/سح;)V | oxxxde/خأ#onUpdate(Loxxxde/سح;)V | oxxxde/خث#onUpdate(Loxxxde/سح;)V | oxxxde/خي#onUpdate(Loxxxde/سح;)V | oxxxde/خِ#onUpdate(Loxxxde/سح;)V | oxxxde/خْ#onUpdate(Loxxxde/سح;)V | oxxxde/ذك#onUpdate(Loxxxde/سح;)V | oxxxde/زب#onUpdate(Loxxxde/سح;)V | oxxxde/سظ#onUpdate(Loxxxde/سح;)V | oxxxde/سه#onUpdate(Loxxxde/سح;)V | oxxxde/سٌ#onUpdate(Loxxxde/سح;)V | oxxxde/شح#onPlayerUpdate(Loxxxde/سح;)V | oxxxde/صَ#onUpdate(Loxxxde/سح;)V | oxxxde/ضت#onUpdate(Loxxxde/سح;)V | oxxxde/ظؤ#onUpdate(Loxxxde/سح;)V | oxxxde/ظا#onUpdate(Loxxxde/سح;)V | oxxxde/ظه#onUpdate(Loxxxde/سح;)V | oxxxde/عث#onUpdate(Loxxxde/سح;)V
oxxxde/سخ,kotakbaz/rain/ui/inventory/InventoryAnalysis,2,unique,oxxxde/سخ#copy(Ljava/util/Map;Ljava/util/List;)Loxxxde/سخ; | oxxxde/سز#analyze(Loxxxde/ّ;Lnet/minecraft/screen/ScreenHandler;)Loxxxde/سخ;
oxxxde/سص,kotakbaz/rain/client/util/other/DefaultServerBootstrap$DefaultServer,1,unique,oxxxde/سص#copy(Ljava/lang/String;Ljava/lang/String;)Loxxxde/سص;
oxxxde/سط,kotakbaz/rain/client/draggable/animation/AnimationUtil,5,unique,oxxxde/رخ#<init>(Ljava/lang/String;ZJJLoxxxde/سط;ZJ)V | oxxxde/رخ#getToggleAnimation()Loxxxde/سط; | oxxxde/سط#run(FJLoxxxde/رض;)Loxxxde/سط; | oxxxde/ظ#getReturnAnimation()Loxxxde/سط; | oxxxde/ظض#getWidthAnimation()Loxxxde/سط;
oxxxde/سع,kotakbaz/rain/event/events/HandOffsetEvent,1,unique,oxxxde/زأ#onHandOffset(Loxxxde/سع;)V
oxxxde/سق,kotakbaz/rain/ui/inventory/InventorySlotVisual,2,unique,oxxxde/سق#copy(Loxxxde/رٍ;Lnet/minecraft/item/ItemStack;Ljava/lang/Integer;Z)Loxxxde/سق; | oxxxde/ظظ#visualAt(I)Loxxxde/سق;
oxxxde/سل,kotakbaz/rain/client/util/render/engine/dispatcher/RenderBatch,1,unique,oxxxde/سل#set(Loxxxde/طء;Loxxxde/ان;Ljava/lang/Object;)Loxxxde/سل;
oxxxde/شة,kotakbaz/rain/ui/menu/FunTimeEventsApi$Status,8,unique,oxxxde/خم#syncWithLiveEvent(Ljava/lang/Integer;Ljava/lang/String;Loxxxde/شة;Ljava/lang/Integer;)V | oxxxde/دك#<init>(Ljava/lang/String;Ljava/lang/String;Loxxxde/شة;ILjava/lang/String;Z)V | oxxxde/دك#component3()Loxxxde/شة; | oxxxde/دك#copy(Ljava/lang/String;Ljava/lang/String;Loxxxde/شة;ILjava/lang/String;Z)Loxxxde/دك; | oxxxde/صة#<init>(ILjava/lang/String;Loxxxde/شة;Ljava/lang/Integer;Ljava/lang/Long;ZLjava/lang/String;)V | oxxxde/صة#component3()Loxxxde/شة; | oxxxde/صة#copy(ILjava/lang/String;Loxxxde/شة;Ljava/lang/Integer;Ljava/lang/Long;ZLjava/lang/String;)Loxxxde/صة; | oxxxde/ضت#liveEventStatus(Ljava/lang/String;)Loxxxde/شة;
oxxxde/شث,kotakbaz/rain/event/events/Render3DEvent,34,unique,oxxxde/اّ#onRender3D(Loxxxde/شث;)V | oxxxde/اّ#renderNewMode(Loxxxde/شث;Lnet/minecraft/entity/player/PlayerEntity;D)V | oxxxde/اّ#renderRibbonFill(Loxxxde/شث;Lnet/minecraft/entity/player/PlayerEntity;Lnet/minecraft/util/math/Vec3d;Ljava/util/List;)V | oxxxde/اّ#renderRibbonLine(Loxxxde/شث;Lnet/minecraft/entity/player/PlayerEntity;Lnet/minecraft/util/math/Vec3d;Ljava/util/List;Z)V | oxxxde/بج#onRender3D(Loxxxde/شث;)V | oxxxde/بج#renderParticle(Loxxxde/شث;Lnet/minecraft/client/render/VertexConsumer;Loxxxde/ضب;Lnet/minecraft/util/math/Vec3d;Ljava/awt/Color;)V | oxxxde/بع#render(Loxxxde/شث;Ljava/lang/Iterable;Ljava/awt/Color;Ljava/awt/Color;FZF)V | oxxxde/بَ#onRender3D(Loxxxde/شث;)V | oxxxde/بَ#renderPlayerSnapshot(Loxxxde/شث;Lnet/minecraft/client/render/VertexConsumer;Loxxxde/خب;Ljava/awt/Color;Lnet/minecraft/util/math/Vec3d;)V | oxxxde/تد#draw(Loxxxde/شث;Lnet/minecraft/client/render/VertexConsumer;Lnet/minecraft/client/render/VertexConsumer;Lnet/minecraft/util/math/Box;Ljava/awt/Color;ZZZFFF)V | oxxxde/تد#drawLineBox(Loxxxde/شث;Lnet/minecraft/client/render/VertexConsumer;Lnet/minecraft/util/math/Box;Ljava/awt/Color;F)V | oxxxde/ثظ#onRender3D(Loxxxde/شث;)V | oxxxde/ثظ#renderGhost(Loxxxde/شث;Loxxxde/اب;F)V | oxxxde/ثك#onRender3D(Loxxxde/شث;)V | oxxxde/ثك#renderCircle(Loxxxde/شث;Lnet/minecraft/client/render/VertexConsumerProvider$Immediate;DIF)V | oxxxde/ثك#renderCircles(Loxxxde/شث;Lnet/minecraft/client/render/VertexConsumerProvider$Immediate;ZZZZ)V | oxxxde/ثك#renderTrapkaCube(Loxxxde/شث;Lnet/minecraft/client/render/VertexConsumer;Lnet/minecraft/client/render/VertexConsumer;DDD)V | oxxxde/جض#onRender3D(Loxxxde/شث;)V | oxxxde/جق#onRender3D(Loxxxde/شث;)V | oxxxde/خي#onRender3D(Loxxxde/شث;)V | oxxxde/خي#renderTrailPoint(Loxxxde/شث;Lnet/minecraft/client/render/VertexConsumer;Loxxxde/عر;Lnet/minecraft/util/math/Vec3d;IIII)V | oxxxde/دظ#onRender3D(Loxxxde/شث;)V | oxxxde/دظ#renderParticle(Loxxxde/شث;Lnet/minecraft/client/render/VertexConsumer;Loxxxde/حي;Lnet/minecraft/util/math/Vec3d;Ljava/awt/Color;)V | oxxxde/ذض#onRender3D(Loxxxde/شث;)V | oxxxde/سٌ#onRender3D(Loxxxde/شث;)V | oxxxde/سٌ#renderParticle(Loxxxde/شث;Lnet/minecraft/client/render/VertexConsumer;Loxxxde/دث;Lnet/minecraft/util/math/Vec3d;FFF)V | oxxxde/شث#copy(Lnet/minecraft/client/util/math/MatrixStack;F)Loxxxde/شث; | oxxxde/شح#onRender3D(Loxxxde/شث;)V | oxxxde/ضع#onRender3D(Loxxxde/شث;)V | oxxxde/طر#render(Loxxxde/شث;Lnet/minecraft/util/math/Vec3d;Ljava/util/List;FFF)V | oxxxde/ظؤ#onRender3D(Loxxxde/شث;)V | oxxxde/ظؤ#renderMarker(Loxxxde/شث;Lnet/minecraft/client/render/VertexConsumerProvider$Immediate;)V | oxxxde/ظؤ#renderRing(Loxxxde/شث;Lnet/minecraft/client/render/VertexConsumerProvider$Immediate;Lnet/minecraft/client/render/RenderLayer;Lnet/minecraft/client/render/RenderLayer;)V | oxxxde/عج#onRender3D(Loxxxde/شث;)V
oxxxde/شخ,kotakbaz/rain/ui/menu/ContentArea,9,unique,oxxxde/جر#contentArea()Loxxxde/شخ; | oxxxde/جر#inside(Loxxxde/شخ;FF)Z | oxxxde/جر#modelsCardBounds(Loxxxde/شخ;FF)Loxxxde/شخ; | oxxxde/جر#modelsCardBoundsAtIndex(Loxxxde/شخ;IF)Loxxxde/شخ; | oxxxde/جر#renderModelPreview(Loxxxde/شخ;Loxxxde/طن;F)V | oxxxde/جر#renderModelsCard(Loxxxde/شخ;Loxxxde/ذي;IIF)V | oxxxde/جر#renderModelsCards(Loxxxde/شخ;Ljava/util/List;FII)V | oxxxde/جر#renderModelsContent(Loxxxde/شخ;II)V | oxxxde/شخ#copy(FFFF)Loxxxde/شخ;
oxxxde/شد,kotakbaz/rain/ui/inventory/InventorySorter$Move,3,unique,oxxxde/شد#copy(ILjava/util/List;)Loxxxde/شد; | oxxxde/طٍ#nextMove(Loxxxde/ّ;Lnet/minecraft/screen/ScreenHandler;Lnet/minecraft/entity/player/PlayerEntity;)Loxxxde/شد; | oxxxde/طٍ#plan(Lnet/minecraft/screen/ScreenHandler;II)Loxxxde/شد;
oxxxde/شذ,kotakbaz/rain/ui/menu/PointsCategoryComponent$PanelArea,12,unique,oxxxde/رِ#contentArea()Loxxxde/شذ; | oxxxde/رِ#deleteButtonBounds(FFF)Loxxxde/شذ; | oxxxde/رِ#inputBounds(Loxxxde/شذ;)Ljava/util/List; | oxxxde/رِ#inputRowTop(Loxxxde/شذ;)F | oxxxde/رِ#insideCreateButton(Loxxxde/شذ;FF)Z | oxxxde/رِ#listArea(Loxxxde/شذ;Loxxxde/شذ;)Loxxxde/شذ; | oxxxde/رِ#renderFooter(Loxxxde/شذ;II)V | oxxxde/رِ#renderList(Loxxxde/شذ;Ljava/util/List;FIIF)V | oxxxde/رِ#renderRowNameEditor(Loxxxde/شذ;F)V | oxxxde/رِ#renderSettingsPage(Loxxxde/شذ;IIFF)V | oxxxde/رِ#settingsPageBounds(Loxxxde/شذ;)Loxxxde/شذ; | oxxxde/شذ#copy(FFFF)Loxxxde/شذ;
oxxxde/شر,kotakbaz/rain/ui/menu/ModuleComponent$LayoutSnapshot,2,unique,oxxxde/حض#calculateLayout()Loxxxde/شر; | oxxxde/شر#copy(FFFFF[F[F)Loxxxde/شر;
oxxxde/شض,kotakbaz/rain/event/events/DropEvent,1,unique,oxxxde/تص#onDrop(Loxxxde/شض;)V
oxxxde/شط,kotakbaz/rain/client/waypoint/WayPointManager$RenameResult,1,unique,oxxxde/ذة#rename(Ljava/lang/String;Ljava/lang/String;)Loxxxde/شط;
oxxxde/شف,kotakbaz/rain/module/modules/render/TargetEspModule$RingSweepState,2,unique,oxxxde/شف#copy(DD)Loxxxde/شف; | oxxxde/ظؤ#resolveRingSweep(JD)Loxxxde/شف;
oxxxde/شق,kotakbaz/rain/client/social/CloudConfigKey,2,unique,oxxxde/حز#isUsableCloudKey(Loxxxde/شق;)Z | oxxxde/شق#copy(Ljava/lang/String;Ljava/lang/String;Ljava/lang/Integer;ILjava/lang/Integer;Z)Loxxxde/شق;
oxxxde/شل,kotakbaz/rain/client/util/animations/FloatEasing,2,unique,oxxxde/ري#animate(FFLoxxxde/شل;)F | oxxxde/رّ#getLINEAR_EASING()Loxxxde/شل;
oxxxde/شم,kotakbaz/rain/client/render/main/vertex/DrawMode,4,unique,oxxxde/اْ#drawMode()Loxxxde/شم; | oxxxde/جً#drawMode()Loxxxde/شم; | oxxxde/زج#drawMode()Loxxxde/شم; | oxxxde/طء#drawMode()Loxxxde/شم;
oxxxde/شً,kotakbaz/rain/module/modules/render/HitParticlesModule$ParticleRenderResources,1,unique,oxxxde/دظ#renderResources()Loxxxde/شً;
oxxxde/شُ,kotakbaz/rain/client/util/render/font/MsdfGlyph,2,unique,oxxxde/جً#buildGlyphLookup(Ljava/util/Map;)[Loxxxde/شُ; | oxxxde/جً#glyph(I)Loxxxde/شُ;
oxxxde/شِ,kotakbaz/rain/module/modules/render/predicts/TrajectoryImpactType,3,unique,oxxxde/اأ#<init>(Loxxxde/شِ;Lnet/minecraft/util/math/Vec3d;Lnet/minecraft/entity/LivingEntity;)V | oxxxde/اأ#component1()Loxxxde/شِ; | oxxxde/اأ#copy(Loxxxde/شِ;Lnet/minecraft/util/math/Vec3d;Lnet/minecraft/entity/LivingEntity;)Loxxxde/اأ;
oxxxde/صؤ,kotakbaz/rain/client/util/render/engine/controls/ClientRenderPipeline,31,unique,oxxxde/آ#rectPipeline()Loxxxde/صؤ; | oxxxde/اس#rectPipeline()Loxxxde/صؤ; | oxxxde/ام#rectPipeline()Loxxxde/صؤ; | oxxxde/بئ#flushPipeline(Loxxxde/صؤ;)V | oxxxde/بئ#flushPipelines([Loxxxde/صؤ;)V | oxxxde/بئ#getBuilder(Loxxxde/صؤ;Loxxxde/طء;Ljava/lang/Object;)Loxxxde/ان; | oxxxde/بئ#hasQueued(Loxxxde/صؤ;)Z | oxxxde/جء#priority(Loxxxde/صؤ;)Loxxxde/جء; | oxxxde/جب#getCurrentPipeline()Loxxxde/صؤ; | oxxxde/جب#priority(Loxxxde/صؤ;)Loxxxde/جب; | oxxxde/جب#setCurrentPipeline(Loxxxde/صؤ;)V | oxxxde/جث#priority(Loxxxde/صؤ;)Loxxxde/جث; | oxxxde/جً#priority(Loxxxde/صؤ;)Loxxxde/جً; | oxxxde/حز#rectPipeline()Loxxxde/صؤ; | oxxxde/حض#rectPipeline()Loxxxde/صؤ; | oxxxde/حع#<init>(FFFILoxxxde/صؤ;)V | oxxxde/حع#component5()Loxxxde/صؤ; | oxxxde/حع#copy(FFFILoxxxde/صؤ;)Loxxxde/حع; | oxxxde/حم#rectPipeline()Loxxxde/صؤ; | oxxxde/ذخ#flushFramePipelines([Loxxxde/صؤ;)V | oxxxde/ذخ#hookRender(F[Loxxxde/صؤ;)V | oxxxde/ذخ#hookRenderInternal(F[Loxxxde/صؤ;ZZ)V | oxxxde/رِ#rectPipeline()Loxxxde/صؤ; | oxxxde/سأ#render(FFFFFFFFLoxxxde/صؤ;)V | oxxxde/شج#rectPipeline()Loxxxde/صؤ; | oxxxde/ضز#rectPipeline()Loxxxde/صؤ; | oxxxde/ضِ#priority(Loxxxde/صؤ;)Loxxxde/ضِ; | oxxxde/طئ#renderQueued([Loxxxde/صؤ;)V | oxxxde/طك#rectPipeline()Loxxxde/صؤ; | oxxxde/طل#rectPipeline()Loxxxde/صؤ; | oxxxde/ظق#flushPipelines([Loxxxde/صؤ;)V
oxxxde/صة,kotakbaz/rain/ui/menu/FunTimeEventsApi$Event,6,unique,oxxxde/تن#<init>(Loxxxde/صة;J)V | oxxxde/تن#component1()Loxxxde/صة; | oxxxde/تن#copy(Loxxxde/صة;J)Loxxxde/تن; | oxxxde/خم#createEvent(ILjava/util/List;J)Loxxxde/صة; | oxxxde/خم#putLiveOverride(Loxxxde/صة;J)V | oxxxde/صة#copy(ILjava/lang/String;Loxxxde/شة;Ljava/lang/Integer;Ljava/lang/Long;ZLjava/lang/String;)Loxxxde/صة;
oxxxde/صض,kotakbaz/rain/ui/menu/ConfigPage,1,unique,oxxxde/ضز#selectPage(Loxxxde/صض;)V
oxxxde/صظ,kotakbaz/rain/client/notification/RemoteNotificationService$RemoteAction,5,unique,oxxxde/ثن#<init>(JLjava/lang/String;Ljava/lang/String;Ljava/lang/String;Loxxxde/صظ;)V | oxxxde/ثن#component5()Loxxxde/صظ; | oxxxde/ثن#copy(JLjava/lang/String;Ljava/lang/String;Ljava/lang/String;Loxxxde/صظ;)Loxxxde/ثن; | oxxxde/خز#notificationAction(Lcom/google/gson/JsonObject;)Loxxxde/صظ; | oxxxde/صظ#copy(Ljava/lang/String;Ljava/lang/String;)Loxxxde/صظ;
oxxxde/صغ,kotakbaz/rain/client/render/main/compile/GlShaderLibrary,1,unique,oxxxde/ذخ#registerShaderLib(Ljava/lang/String;)Loxxxde/صغ;
oxxxde/صق,kotakbaz/rain/client/waypoint/WayPointManager$AddResult,1,unique,oxxxde/ذة#add(Ljava/lang/String;ZLnet/minecraft/util/math/BlockPos;)Loxxxde/صق;
oxxxde/صك,kotakbaz/rain/client/util/render/font/FontData$MetricsData,4,unique,oxxxde/اح#getMetrics()Loxxxde/صك; | oxxxde/اح#setMetrics(Loxxxde/صك;)V | oxxxde/جً#<init>(Ljava/lang/String;Loxxxde/طج;Loxxxde/ال;Loxxxde/صك;Ljava/util/Map;Ljava/util/Map;)V | oxxxde/جً#getMetrics()Loxxxde/صك;
oxxxde/صن,kotakbaz/rain/event/types/Event$Key,4,unique,oxxxde/حث#getPARTIAL_TICKS()Loxxxde/صن; | oxxxde/خق#getBUTTON()Loxxxde/صن; | oxxxde/ذؤ#get(Loxxxde/صن;)Ljava/lang/Object; | oxxxde/ذؤ#put(Loxxxde/صن;Ljava/lang/Object;)V
oxxxde/صه,kotakbaz/rain/module/modules/hud/container/Data$First,4,unique,oxxxde/تً#<init>(Loxxxde/صه;Loxxxde/تِ;)V | oxxxde/تً#getFirst()Loxxxde/صه; | oxxxde/تً#setFirst(Loxxxde/صه;)V | oxxxde/صه#copy(Ljava/lang/String;Loxxxde/دغ;)Loxxxde/صه;
oxxxde/صٌ,kotakbaz/rain/config/ConfigInfo,2,unique,oxxxde/صٌ#copy(Ljava/lang/String;Ljava/lang/String;Loxxxde/دة;)Loxxxde/صٌ; | oxxxde/ضز#createConfigEntry(Loxxxde/صٌ;)Loxxxde/حم;
oxxxde/ض,kotakbaz/rain/client/render/texture/texture/GLTexture,2,unique,oxxxde/شس#get(Ljava/lang/String;)Loxxxde/ض; | oxxxde/ظس#loadFontTexture()Loxxxde/ض;
oxxxde/ضآ,kotakbaz/rain/module/modules/render/ViewModelModule$RenderedHandBounds,1,unique,oxxxde/زأ#renderedBounds(Lnet/minecraft/util/Hand;)Loxxxde/ضآ;
oxxxde/ضإ,kotakbaz/rain/module/modules/hud/container/Data$Leading$Texture,1,unique,oxxxde/ضإ#copy(IFFFF)Loxxxde/ضإ;
oxxxde/ضب,kotakbaz/rain/module/modules/render/WorldParticlesModule$WorldParticle,4,unique,oxxxde/بج#renderParticle(Loxxxde/شث;Lnet/minecraft/client/render/VertexConsumer;Loxxxde/ضب;Lnet/minecraft/util/math/Vec3d;Ljava/awt/Color;)V | oxxxde/بج#simulateParticle(Loxxxde/ضب;DFD)V | oxxxde/بج#updateParticle(Loxxxde/ضب;Lnet/minecraft/util/math/Vec3d;JD)Z | oxxxde/ضب#copy(Lnet/minecraft/util/math/Vec3d;Lnet/minecraft/util/math/Vec3d;Lnet/minecraft/util/math/Vec3d;JJFDFFFF)Loxxxde/ضب;
oxxxde/ضج,kotakbaz/rain/config/ConfigManager$RuntimeSnapshot,3,unique,oxxxde/اك#captureRuntimeSnapshot()Loxxxde/ضج; | oxxxde/اك#restoreRuntimeSnapshot(Loxxxde/ضج;)V | oxxxde/ضج#copy(Ljava/util/List;Ljava/util/List;)Loxxxde/ضج;
oxxxde/ضر,kotakbaz/rain/ui/inventory/InventoryLoadoutAnalyzer$ItemTotal,1,unique,oxxxde/ضر#copy(Lnet/minecraft/item/ItemStack;IZ)Loxxxde/ضر;
oxxxde/ضغ,kotakbaz/rain/client/social/CloudConfigRecord,2,unique,oxxxde/خه#parseCloudConfig(Lcom/google/gson/JsonObject;)Loxxxde/ضغ; | oxxxde/ضغ#copy(Ljava/lang/String;Ljava/lang/String;Ljava/lang/String;Ljava/lang/String;Ljava/lang/String;Lcom/google/gson/JsonObject;IZLjava/util/List;)Loxxxde/ضغ;
oxxxde/ضٌ,kotakbaz/rain/client/social/RedeemedCloudConfig,2,unique,oxxxde/خه#parseRedeemedCloudConfig(Lcom/google/gson/JsonObject;)Loxxxde/ضٌ; | oxxxde/ضٌ#copy(Ljava/lang/String;Ljava/lang/String;Ljava/lang/String;Ljava/lang/String;Ljava/lang/String;Lcom/google/gson/JsonObject;Z)Loxxxde/ضٌ;
oxxxde/ضِ,kotakbaz/rain/client/util/render/display/BasicRectRenderer,6,unique,oxxxde/ذر#getBASIC_RECT()Loxxxde/ضِ; | oxxxde/ضِ#border(FLjava/awt/Color;)Loxxxde/ضِ; | oxxxde/ضِ#color(Ljava/awt/Color;)Loxxxde/ضِ; | oxxxde/ضِ#priority(Loxxxde/صؤ;)Loxxxde/ضِ; | oxxxde/ضِ#round(F)Loxxxde/ضِ; | oxxxde/ضِ#type(Loxxxde/رص;)Loxxxde/ضِ;
oxxxde/ط,kotakbaz/rain/module/modules/hud/WatermarkModule$Bounds,2,unique,oxxxde/تأ#currentBounds()Loxxxde/ط; | oxxxde/ط#copy(FFFF)Loxxxde/ط;
oxxxde/طء,kotakbaz/rain/client/util/render/engine/Renderable,5,unique,oxxxde/بئ#getBuilder(Loxxxde/صؤ;Loxxxde/طء;Ljava/lang/Object;)Loxxxde/ان; | oxxxde/سل#getOwner()Loxxxde/طء; | oxxxde/سل#set(Loxxxde/طء;Loxxxde/ان;Ljava/lang/Object;)Loxxxde/سل; | oxxxde/طء#canBatchWith(Loxxxde/طء;)Z | oxxxde/ظق#loadShaders([Loxxxde/طء;)V
oxxxde/طآ,kotakbaz/rain/ui/menu/MenuScreen$PopupRect,21,unique,oxxxde/حز#avatarBounds(Loxxxde/زْ;)Loxxxde/طآ; | oxxxde/حز#avatarPopupBounds(Loxxxde/زْ;FLoxxxde/تذ;)Loxxxde/طآ; | oxxxde/حز#avatarPopupGuiScaleProgress(FLoxxxde/طآ;)F | oxxxde/حز#avatarPopupGuiScaleSliderBounds(Loxxxde/طآ;Loxxxde/تذ;)Loxxxde/طآ; | oxxxde/حز#avatarPopupSettingBounds(Loxxxde/طآ;Loxxxde/تذ;I)Loxxxde/طآ; | oxxxde/حز#configShareGeneratedKeyBounds(Loxxxde/طآ;I)Loxxxde/طآ; | oxxxde/حز#configShareInfinityButtonBounds(Loxxxde/طآ;F)Loxxxde/طآ; | oxxxde/حز#configShareModalBounds(F)Loxxxde/طآ; | oxxxde/حز#eventServerConfirmBounds()Loxxxde/طآ; | oxxxde/حز#eventServerConfirmDividerBounds(Loxxxde/طآ;)Loxxxde/طآ; | oxxxde/حز#renderConfigCreateConfirmButton(Loxxxde/طآ;ZFFLjava/lang/String;)V | oxxxde/حز#renderConfigCreateInput(Loxxxde/طآ;F)V | oxxxde/حز#renderConfigKeyButton(Loxxxde/طآ;Ljava/lang/String;ZFZF)V | oxxxde/حز#renderConfigShareCreateButton(Loxxxde/طآ;FF)V | oxxxde/حز#renderConfigShareInfinityButton(Loxxxde/طآ;FFFF)V | oxxxde/حز#renderConfigShareInput(Loxxxde/طآ;Ljava/lang/String;Ljava/lang/String;ZFFF)V | oxxxde/حز#renderEventServerConfirmButton(Loxxxde/طآ;Ljava/lang/String;ZFF)V | oxxxde/حز#revokeCloudKeyAt(FFLoxxxde/طآ;)Z | oxxxde/حز#tryStartAvatarPopupGuiScaleDrag(Loxxxde/طآ;Loxxxde/تذ;FF)Z | oxxxde/حز#updateAvatarPopupGuiScalePreview(FLoxxxde/طآ;)V | oxxxde/طآ#copy(FFFF)Loxxxde/طآ;
oxxxde/طأ,kotakbaz/rain/client/render/main/vertex/mesh/IMesh,3,unique,oxxxde/جً#renderBatch(Loxxxde/طأ;Ljava/lang/Object;)V | oxxxde/زج#renderBatch(Loxxxde/طأ;Ljava/lang/Object;)V | oxxxde/طء#renderBatch(Loxxxde/طأ;Ljava/lang/Object;)V
oxxxde/طإ,kotakbaz/rain/module/modules/hud/NotifyModule$MessageSegment,1,unique,oxxxde/طإ#copy(Ljava/lang/String;Ljava/awt/Color;Z)Loxxxde/طإ;
oxxxde/طب,kotakbaz/rain/module/setting/ClientColorSetting,1,unique,oxxxde/دِ#clientColor(Ljava/lang/String;Ljava/awt/Color;Ljava/lang/String;)Loxxxde/طب;
oxxxde/طج,kotakbaz/rain/client/render/texture/GlTex,3,unique,oxxxde/جً#<init>(Ljava/lang/String;Loxxxde/طج;Loxxxde/ال;Loxxxde/صك;Ljava/util/Map;Ljava/util/Map;)V | oxxxde/ظب#<init>(ILoxxxde/طج;)V | oxxxde/ظب#hasGlTex(Loxxxde/طج;)Z
oxxxde/طد,kotakbaz/rain/ui/inventory/HwAnarchyHelperController$MenuEntry,2,unique,oxxxde/شْ#isLightServer(Loxxxde/طد;)Z | oxxxde/طد#copy(ILjava/lang/String;Ljava/lang/String;)Loxxxde/طد;
oxxxde/طس,kotakbaz/rain/ui/menu/layout/CategorySlot,2,unique,oxxxde/زْ#categorySlot(IF)Loxxxde/طس; | oxxxde/طس#copy(FFF)Loxxxde/طس;
oxxxde/طص,kotakbaz/rain/module/modules/render/HitParticlesModule$ParticlePhysics,4,unique,oxxxde/حي#<init>(Loxxxde/طص;JJJFIDDFDDDDDDDDDDFFFFIZ)V | oxxxde/حي#component1()Loxxxde/طص; | oxxxde/حي#copy(Loxxxde/طص;JJJFIDDFDDDDDDDDDDFFFFIZ)Loxxxde/حي; | oxxxde/دظ#createSpawnMotion(Loxxxde/طص;IIDD)Loxxxde/ذط;
oxxxde/طظ,kotakbaz/rain/module/modules/hud/container/Data$Leading$Glyph,1,unique,oxxxde/طظ#copy(Ljava/lang/String;)Loxxxde/طظ;
oxxxde/طف,kotakbaz/rain/ui/inventory/MissingInventoryItem,1,unique,oxxxde/طف#copy(Lnet/minecraft/item/ItemStack;I)Loxxxde/طف;
oxxxde/طن,kotakbaz/rain/client/figura/FiguraAvatarInstaller$AvatarEntry,5,unique,oxxxde/بز#matchesSearch(Loxxxde/طن;)Z | oxxxde/جر#renderModelPreview(Loxxxde/شخ;Loxxxde/طن;F)V | oxxxde/ذي#<init>(Ljava/lang/String;Loxxxde/طن;)V | oxxxde/ذي#component2()Loxxxde/طن; | oxxxde/ذي#copy(Ljava/lang/String;Loxxxde/طن;)Loxxxde/ذي;
oxxxde/طً,kotakbaz/rain/ui/menu/settings/impl/ColorSettingComponent$Rect,10,unique,oxxxde/ثٍ#contains(Loxxxde/طً;II)Z | oxxxde/ثٍ#drawButton(Loxxxde/طً;Ljava/lang/String;FF)V | oxxxde/ثٍ#drawPicker(Loxxxde/طً;FF)V | oxxxde/ثٍ#previewRect()Loxxxde/طً; | oxxxde/ثٍ#updateHue(FLoxxxde/طً;)V | oxxxde/ثٍ#updatePicker(FFLoxxxde/طً;)V | oxxxde/رذ#<init>(Loxxxde/طً;Loxxxde/طً;Loxxxde/طً;Loxxxde/طً;Loxxxde/طً;)V | oxxxde/رذ#component1()Loxxxde/طً; | oxxxde/رذ#copy(Loxxxde/طً;Loxxxde/طً;Loxxxde/طً;Loxxxde/طً;Loxxxde/طً;)Loxxxde/رذ; | oxxxde/طً#copy(FFFF)Loxxxde/طً;
oxxxde/طُ,kotakbaz/rain/module/setting/settings/SliderSetting,7,unique,oxxxde/ات#getDelay()Loxxxde/طُ; | oxxxde/اك#normalizeSlider(Loxxxde/طُ;F)F | oxxxde/بؤ#getFogDistance()Loxxxde/طُ; | oxxxde/دِ#slider(Ljava/lang/String;FFFFLjava/lang/String;)Loxxxde/طُ; | oxxxde/زأ#positionX(Lnet/minecraft/util/Hand;)Loxxxde/طُ; | oxxxde/صب#getScoreboardScale()Loxxxde/طُ; | oxxxde/طخ#<init>(Loxxxde/طُ;)V
oxxxde/ظ,kotakbaz/rain/ui/menu/misc/TextScroller$ScrollState,2,unique,oxxxde/بق#getState(Ljava/lang/String;FFFFJ)Loxxxde/ظ; | oxxxde/بق#updateOffset(Loxxxde/ظ;ZFJF)F
oxxxde/ظآ,kotakbaz/rain/ui/inventory/UiRect,5,unique,oxxxde/شج#renderCardAction(FLoxxxde/ظآ;F)V | oxxxde/شج#renderCardDelete(Loxxxde/ظآ;FF)V | oxxxde/صي#cardActionBounds(Loxxxde/ظآ;F)Loxxxde/ظآ; | oxxxde/صي#cardListBounds(FF)Loxxxde/ظآ; | oxxxde/ظآ#copy(FFFF)Loxxxde/ظآ;
oxxxde/ظأ,kotakbaz/rain/client/util/render/font/FontData$BoundsData,2,unique,oxxxde/دح#getPlaneBounds()Loxxxde/ظأ; | oxxxde/دح#setPlaneBounds(Loxxxde/ظأ;)V
oxxxde/ظئ,kotakbaz/rain/ui/inventory/SearchLayout,2,unique,oxxxde/صي#searchLayout(FF)Loxxxde/ظئ; | oxxxde/ظئ#copy(FFFFF)Loxxxde/ظئ;
oxxxde/ظب,kotakbaz/rain/client/util/render/engine/controls/TextureSampler,1,unique,oxxxde/زج#samplerFor(I)Loxxxde/ظب;
oxxxde/ظذ,kotakbaz/rain/client/draggable/Draggable,4,unique,oxxxde/ثٌ#create(Loxxxde/دِ;Ljava/lang/String;FF)Loxxxde/ظذ; | oxxxde/دِ#draggable(Ljava/lang/String;FF)Loxxxde/ظذ; | oxxxde/ضش#snap(Loxxxde/ظذ;FF)Loxxxde/دآ; | oxxxde/ظذ#lockHorizontalCenter()Loxxxde/ظذ;
oxxxde/ظر,kotakbaz/rain/module/modules/render/predicts/ProjectileLaunch,3,unique,oxxxde/حو#initialVelocity(Loxxxde/ظر;)Lnet/minecraft/util/math/Vec3d; | oxxxde/حو#predict(Lnet/minecraft/client/world/ClientWorld;Lnet/minecraft/entity/player/PlayerEntity;Loxxxde/ظر;)Loxxxde/بخ; | oxxxde/ظر#copy(Lnet/minecraft/util/math/Vec3d;Lnet/minecraft/util/math/Vec3d;Loxxxde/ذظ;DLnet/minecraft/util/math/Vec3d;)Loxxxde/ظر;
oxxxde/ظس,kotakbaz/rain/client/util/render/font/FontBuilder,1,unique,oxxxde/ظس#find(Ljava/lang/String;)Loxxxde/ظس;
oxxxde/ظص,kotakbaz/rain/client/extensions/Category,14,unique,oxxxde/ام#<init>(Loxxxde/ظص;Lkotlin/jvm/functions/Function0;)V | oxxxde/ام#getCategory()Loxxxde/ظص; | oxxxde/جر#<init>(Loxxxde/ظص;FF)V | oxxxde/جر#getCategory()Loxxxde/ظص; | oxxxde/حز#currentTopBarCategory(Loxxxde/ظص;)Loxxxde/ظص; | oxxxde/حز#isConfigCategory(Loxxxde/ظص;)Z | oxxxde/دِ#<init>(Ljava/lang/String;Loxxxde/ظص;Ljava/lang/String;)V | oxxxde/دِ#getCategory()Loxxxde/ظص; | oxxxde/طا#render(Loxxxde/زْ;Loxxxde/ظص;Ljava/lang/String;ZZFZZFFF)V | oxxxde/طا#renderCategoryContent(Loxxxde/زْ;Loxxxde/ظص;FFF)V | oxxxde/طا#renderCategorySection(Loxxxde/زْ;Loxxxde/ظص;FF)V | oxxxde/طا#renderSearchSection(Loxxxde/زْ;Loxxxde/ظص;Ljava/lang/String;ZZZZFFF)V | oxxxde/ظص#copy(Ljava/lang/String;Ljava/lang/String;Ljava/lang/String;Ljava/lang/String;Ljava/lang/String;)Loxxxde/ظص; | oxxxde/ظن#getRENDER()Loxxxde/ظص;
oxxxde/ظض,kotakbaz/rain/module/modules/hud/NotifyModule$NotificationEntry,4,unique,oxxxde/سِ#animatedWidth(Loxxxde/ظض;F)F | oxxxde/سِ#animationProgress(Loxxxde/ظض;J)F | oxxxde/سِ#refreshNotification(Loxxxde/ظض;J)V | oxxxde/سِ#renderNotification(Loxxxde/ظض;FF)F
oxxxde/ظل,kotakbaz/rain/module/modules/hud/WatermarkModule$WatermarkLayout,1,unique,oxxxde/تأ#buildLayout()Loxxxde/ظل;
oxxxde/ظم,kotakbaz/rain/module/modules/render/ViewModelModule$HandHitTarget,2,unique,oxxxde/زأ#hoveredTarget(DDII)Loxxxde/ظم; | oxxxde/ظم#copy(Lnet/minecraft/util/Hand;Loxxxde/رْ;D)Loxxxde/ظم;
oxxxde/ظي,kotakbaz/rain/module/setting/ModeSetting,4,unique,oxxxde/اك#parseMode(Loxxxde/ظي;Lcom/google/gson/JsonElement;I)Ljava/lang/String; | oxxxde/حق#<init>(Loxxxde/ظي;)V | oxxxde/دِ#mode(Ljava/lang/String;Ljava/util/List;ILjava/lang/String;)Loxxxde/ظي; | oxxxde/ظي#withDisplayNameProvider(Lkotlin/jvm/functions/Function1;)Loxxxde/ظي;
oxxxde/ظٌ,kotakbaz/rain/ui/menu/EventsCategoryComponent$ButtonLayout,2,unique,oxxxde/طك#buttonLayout(Loxxxde/ثء;)Loxxxde/ظٌ; | oxxxde/ظٌ#copy(FFF)Loxxxde/ظٌ;
oxxxde/ظٍ,kotakbaz/rain/module/setting/ModSetting,1,unique,oxxxde/دِ#mod(Ljava/lang/String;Ljava/util/List;ILjava/lang/String;)Loxxxde/ظٍ;
oxxxde/عا,kotakbaz/rain/ui/mainmenu/RainMainMenuScreen$DesignRect,4,unique,oxxxde/تض#<init>(Loxxxde/عا;Ljava/lang/String;Ljava/lang/String;Loxxxde/جً;Lkotlin/jvm/functions/Function0;)V | oxxxde/تض#component1()Loxxxde/عا; | oxxxde/تض#copy(Loxxxde/عا;Ljava/lang/String;Ljava/lang/String;Loxxxde/جً;Lkotlin/jvm/functions/Function0;)Loxxxde/تض; | oxxxde/عا#copy(FFFF)Loxxxde/عا;
oxxxde/عب,kotakbaz/rain/module/modules/hud/WatermarkModule$WatermarkPart,5,unique,oxxxde/تأ#configurePart(Loxxxde/عب;FFF)V | oxxxde/تأ#drawParts([Loxxxde/عب;FFF)V | oxxxde/تأ#getLeftParts()[Loxxxde/عب; | oxxxde/تأ#measure([Loxxxde/عب;I)F | oxxxde/تأ#partWidth(Loxxxde/عب;)F
oxxxde/عت,kotakbaz/rain/module/setting/settings/TextSetting,4,unique,oxxxde/دِ#text(Ljava/lang/String;Ljava/lang/String;ILjava/lang/String;)Loxxxde/عت; | oxxxde/ذآ#<init>(Loxxxde/عت;)V | oxxxde/عت#setMaxLength(I)Loxxxde/عت; | oxxxde/عت#setValidator(Lkotlin/jvm/functions/Function1;)Loxxxde/عت;
oxxxde/عر,kotakbaz/rain/module/modules/render/TracesModule$TrailPoint,2,unique,oxxxde/خي#renderTrailPoint(Loxxxde/شث;Lnet/minecraft/client/render/VertexConsumer;Loxxxde/عر;Lnet/minecraft/util/math/Vec3d;IIII)V | oxxxde/عر#copy(Lnet/minecraft/util/math/Vec3d;FJ)Loxxxde/عر;
oxxxde/عس,kotakbaz/rain/ui/menu/CategoryComponent$ModuleLayoutState,1,unique,oxxxde/عس#copy(Loxxxde/حض;ZFFFLoxxxde/ري;)Loxxxde/عس;
oxxxde/غ,kotakbaz/rain/client/util/render/font/MsdfGlyph$ColoredGlyph,1,unique,oxxxde/غ#copy(CI)Loxxxde/غ;
oxxxde/ٍ,kotakbaz/rain/module/modules/render/HitWavesModule$Wave,2,unique,oxxxde/ضع#computeAlphaForBlock(Loxxxde/ٍ;FF)F | oxxxde/ٍ#copy(Lnet/minecraft/util/math/Vec3d;FFFLjava/awt/Color;JLjava/util/List;)Loxxxde/ٍ;
oxxxde/ّ,kotakbaz/rain/ui/inventory/InventorySnapshot,19,unique,oxxxde/تء#capture(Lnet/minecraft/entity/player/PlayerEntity;)Loxxxde/ّ; | oxxxde/تؤ#add(Ljava/lang/String;Loxxxde/ّ;Lnet/minecraft/registry/RegistryWrapper$WrapperLookup;)Z | oxxxde/ثغ#getSnapshot()Loxxxde/ّ; | oxxxde/خج#save(Ljava/lang/String;Loxxxde/ّ;Lnet/minecraft/registry/RegistryWrapper$WrapperLookup;)Loxxxde/دي; | oxxxde/دي#<init>(Ljava/util/UUID;Ljava/lang/String;Loxxxde/ّ;J)V | oxxxde/دي#component3()Loxxxde/ّ; | oxxxde/دي#copy(Ljava/util/UUID;Ljava/lang/String;Loxxxde/ّ;J)Loxxxde/دي; | oxxxde/سز#analyze(Loxxxde/ّ;Lnet/minecraft/screen/ScreenHandler;)Loxxxde/سخ; | oxxxde/سز#destinations(Loxxxde/ّ;Lnet/minecraft/screen/ScreenHandler;)Ljava/util/Map; | oxxxde/سز#missingItems(Loxxxde/ّ;Lnet/minecraft/screen/ScreenHandler;)Ljava/util/List; | oxxxde/شج#captureInventory()Loxxxde/ّ; | oxxxde/طٍ#canFill(ILoxxxde/ّ;Lnet/minecraft/screen/ScreenHandler;Lnet/minecraft/entity/player/PlayerEntity;)Z | oxxxde/طٍ#canMove(ILnet/minecraft/item/ItemStack;Loxxxde/ّ;Lnet/minecraft/screen/ScreenHandler;Lnet/minecraft/entity/player/PlayerEntity;)Z | oxxxde/طٍ#nextMove(Loxxxde/ّ;Lnet/minecraft/screen/ScreenHandler;Lnet/minecraft/entity/player/PlayerEntity;)Loxxxde/شد; | oxxxde/طٍ#step(Loxxxde/ّ;Lnet/minecraft/screen/ScreenHandler;Lnet/minecraft/entity/player/PlayerEntity;)Z | oxxxde/طٍ#toggle(Loxxxde/ّ;)V | oxxxde/ظظ#load(Loxxxde/ّ;)V | oxxxde/ّ#copy(Ljava/util/List;Lnet/minecraft/item/ItemStack;Ljava/util/List;Ljava/util/List;)Loxxxde/ّ; | oxxxde/ّ#deepCopy()Loxxxde/ّ;
