source_file,literal_url,classification
src/recovered-java/kotakbaz/rain/ui/menu/MenuScreen.java,https://rainvisuals.pro,static literal; not contacted during recovery
src/recovered-java/oxxxde/ثئ.java,https://social.rainvisuals.pro,static literal; not contacted during recovery
src/recovered-java/oxxxde/ثً.java,https://translate.googleapis.com/translate_a/single?client=gtx&dt=t&sl=,static literal; not contacted during recovery
src/recovered-java/oxxxde/جٍ.java,https://r2.e-z.host/7d033548-c904-4c5c-b3b6-413d65aadf76/bw9sqryge6baxsz9uq.gif,static literal; not contacted during recovery
src/recovered-java/oxxxde/جٍ.java,https://rainvisuals.pro,static literal; not contacted during recovery
src/recovered-java/oxxxde/جٍ.java,https://t.me/rainvisuals,static literal; not contacted during recovery
src/recovered-java/oxxxde/خم.java,https://api.sskyness.space/api/server/funtime/events,static literal; not contacted during recovery
src/recovered-java/oxxxde/صل.java,https://social.rainvisuals.pro/v1/figura/manifest,static literal; not contacted during recovery
src/recovered-java/rainpatch/RainPatchEntryPoint.java,https://t.me/wtfcrashdami,static literal; not contacted during recovery
src/recovered-kotlin/dev/redstones/mediaplayerinfo/MediaInfo.kt,https://github.com/Vineflower/vineflower/issues,static literal; not contacted during recovery
src/recovered-kotlin/eu/donyka/discord/DiscordRPC.java,https://github.com/Vineflower/vineflower/issues,static literal; not contacted during recovery
src/recovered-kotlin/kotakbaz/rain/client/render/main/ChromaRenderer.java,https://github.com/Vineflower/vineflower/issues,static literal; not contacted during recovery
src/recovered-kotlin/kotakbaz/rain/client/render/main/vertex/mesh/MeshBuilder.java,https://github.com/Vineflower/vineflower/issues,static literal; not contacted during recovery
src/recovered-kotlin/kotakbaz/rain/client/util/animations/AnimationUtil.kt,https://github.com/Vineflower/vineflower/issues,static literal; not contacted during recovery
src/recovered-kotlin/kotakbaz/rain/client/util/other/ScrollUtil.kt,https://github.com/Vineflower/vineflower/issues,static literal; not contacted during recovery
src/recovered-kotlin/kotakbaz/rain/client/util/render/engine/controls/LayerControl.kt,https://github.com/Vineflower/vineflower/issues,static literal; not contacted during recovery
src/recovered-kotlin/kotakbaz/rain/client/util/render/font/Font.kt,https://github.com/Vineflower/vineflower/issues,static literal; not contacted during recovery
src/recovered-kotlin/kotakbaz/rain/config/ConfigManager.kt,https://github.com/Vineflower/vineflower/issues,static literal; not contacted during recovery
src/recovered-kotlin/kotakbaz/rain/module/modules/render/WayPointModule.kt,https://github.com/Vineflower/vineflower/issues,static literal; not contacted during recovery
src/recovered-kotlin/kotakbaz/rain/ui/mainmenu/RainMainMenuScreen$Btn.kt,https://github.com/Vineflower/vineflower/issues,static literal; not contacted during recovery
src/recovered-kotlin/kotakbaz/rain/ui/mainmenu/RainMainMenuScreen$Link.kt,https://github.com/Vineflower/vineflower/issues,static literal; not contacted during recovery
src/recovered-kotlin/kotakbaz/rain/ui/menu/ConfigEntryComponent.kt,https://github.com/Vineflower/vineflower/issues,static literal; not contacted during recovery
src/recovered-kotlin/kotakbaz/rain/ui/menu/MenuScreen.kt,https://github.com/Vineflower/vineflower/issues,static literal; not contacted during recovery
src/recovered-kotlin/kotakbaz/rain/ui/menu/MenuScreen.kt,https://rainvisuals.pro,static literal; not contacted during recovery
src/recovered-kotlin/kotakbaz/rain/ui/menu/ModuleComponent.kt,https://github.com/Vineflower/vineflower/issues,static literal; not contacted during recovery
src/recovered-kotlin/kotakbaz/rain/ui/menu/settings/ModuleSettingComponent.kt,https://github.com/Vineflower/vineflower/issues,static literal; not contacted during recovery
src/recovered-kotlin/kotakbaz/rain/ui/menu/settings/impl/ColorSettingComponent.kt,https://github.com/Vineflower/vineflower/issues,static literal; not contacted during recovery
src/recovered-kotlin/oxxxde/ام.kt,https://github.com/Vineflower/vineflower/issues,static literal; not contacted during recovery
src/recovered-kotlin/oxxxde/تس.kt,https://github.com/Vineflower/vineflower/issues,static literal; not contacted during recovery
src/recovered-kotlin/oxxxde/ثئ.kt,https://social.rainvisuals.pro,static literal; not contacted during recovery
src/recovered-kotlin/oxxxde/ثث.kt,https://github.com/Vineflower/vineflower/issues,static literal; not contacted during recovery
src/recovered-kotlin/oxxxde/ثً.java,https://translate.googleapis.com/translate_a/single?client=gtx&dt=t&sl=,static literal; not contacted during recovery
src/recovered-kotlin/oxxxde/ثٌ.kt,https://github.com/Vineflower/vineflower/issues,static literal; not contacted during recovery
src/recovered-kotlin/oxxxde/ثّ.kt,https://github.com/Vineflower/vineflower/issues,static literal; not contacted during recovery
src/recovered-kotlin/oxxxde/جإ.java,https://github.com/Vineflower/vineflower/issues,static literal; not contacted during recovery
src/recovered-kotlin/oxxxde/جر.kt,https://github.com/Vineflower/vineflower/issues,static literal; not contacted during recovery
src/recovered-kotlin/oxxxde/جز.kt,https://github.com/Vineflower/vineflower/issues,static literal; not contacted during recovery
src/recovered-kotlin/oxxxde/جٍ.java,https://r2.e-z.host/7d033548-c904-4c5c-b3b6-413d65aadf76/bw9sqryge6baxsz9uq.gif,static literal; not contacted during recovery
src/recovered-kotlin/oxxxde/جٍ.java,https://rainvisuals.pro,static literal; not contacted during recovery
src/recovered-kotlin/oxxxde/جٍ.java,https://t.me/rainvisuals,static literal; not contacted during recovery
src/recovered-kotlin/oxxxde/حت.kt,https://github.com/Vineflower/vineflower/issues,static literal; not contacted during recovery
src/recovered-kotlin/oxxxde/حق.kt,https://github.com/Vineflower/vineflower/issues,static literal; not contacted during recovery
src/recovered-kotlin/oxxxde/خأ.kt,https://github.com/Vineflower/vineflower/issues,static literal; not contacted during recovery
src/recovered-kotlin/oxxxde/خم.kt,https://api.sskyness.space/api/server/funtime/events,static literal; not contacted during recovery
src/recovered-kotlin/oxxxde/خم.kt,https://github.com/Vineflower/vineflower/issues,static literal; not contacted during recovery
src/recovered-kotlin/oxxxde/ذ.kt,https://github.com/Vineflower/vineflower/issues,static literal; not contacted during recovery
src/recovered-kotlin/oxxxde/ذآ.kt,https://github.com/Vineflower/vineflower/issues,static literal; not contacted during recovery
src/recovered-kotlin/oxxxde/ذس.kt,https://github.com/Vineflower/vineflower/issues,static literal; not contacted during recovery
src/recovered-kotlin/oxxxde/رِ.kt,https://github.com/Vineflower/vineflower/issues,static literal; not contacted during recovery
src/recovered-kotlin/oxxxde/سؤ.kt,https://api.mojang.com/users/profiles/minecraft/${URLEncoder.encode(name,static literal; not contacted during recovery
src/recovered-kotlin/oxxxde/سر.kt,https://github.com/Vineflower/vineflower/issues,static literal; not contacted during recovery
src/recovered-kotlin/oxxxde/شج.kt,https://github.com/Vineflower/vineflower/issues,static literal; not contacted during recovery
src/recovered-kotlin/oxxxde/شْ.kt,https://github.com/Vineflower/vineflower/issues,static literal; not contacted during recovery
src/recovered-kotlin/oxxxde/صل.java,https://social.rainvisuals.pro/v1/figura/manifest,static literal; not contacted during recovery
src/recovered-kotlin/oxxxde/ضز.kt,https://github.com/Vineflower/vineflower/issues,static literal; not contacted during recovery
src/recovered-kotlin/oxxxde/ضش.kt,https://github.com/Vineflower/vineflower/issues,static literal; not contacted during recovery
src/recovered-kotlin/oxxxde/طا.kt,https://github.com/Vineflower/vineflower/issues,static literal; not contacted during recovery
src/recovered-kotlin/oxxxde/طخ.kt,https://github.com/Vineflower/vineflower/issues,static literal; not contacted during recovery
src/recovered-kotlin/oxxxde/طك.kt,https://github.com/Vineflower/vineflower/issues,static literal; not contacted during recovery
src/recovered-kotlin/oxxxde/طل.kt,https://github.com/Vineflower/vineflower/issues,static literal; not contacted during recovery
src/recovered-kotlin/rainpatch/RainPatchEntryPoint.java,https://t.me/wtfcrashdami,static literal; not contacted during recovery
