physical_name,best_old_name,score,margin,status,shared_strings,shared_methods,shared_fields
oxxxde/ء,kotakbaz/rain/client/render/main/vertex/element/a,-0.35,0.00,candidate,,,
oxxxde/أ,kotakbaz/rain/ui/mainmenu/RainMainMenuScreen,30.29,24.53,candidate,rain,,
oxxxde/ؤ,kotakbaz/rain/ui/mainmenu/RainMainMenuScreen$render$transition$1,65.10,0.00,candidate,standardDecelerate | standardDecelerate(F)F,,
oxxxde/ا,kotakbaz/rain/client/render/texture/loader/d,0.00,0.00,candidate,,,
oxxxde/اء,kotakbaz/rain/client/render/texture/loader/d,0.00,0.00,candidate,,,
oxxxde/اآ,kotakbaz/rain/module/modules/hud/h,0.00,0.35,candidate,,,
oxxxde/اؤ,kotakbaz/rain/module/modules/hud/container/HudModule,46.58,5.13,candidate,event,getCurrentData,
oxxxde/اإ,kotakbaz/rain/module/modules/player/FakePlayerModule,325.25,272.53,candidate,,applyBuffs | applyLocalHurtFeedback | applySimulatedDamage | attackSound | calculateExposure | calculateMeleeDamage | configuredName | copyInventory | estimateExplosionDamage | handleAttack | handleExplosion | isFakePlayer,
oxxxde/ائ,kotakbaz/rain/client/render/main/vertex/format/uploader/B,0.00,0.35,candidate,,,
oxxxde/اا,kotakbaz/rain/client/render/main/program/compile/A,120.57,120.57,accepted,status;message,isFailure | message | status,
oxxxde/اة,kotakbaz/rain/client/render/texture/loader/d,0.00,0.00,candidate,,,
oxxxde/ات,kotakbaz/rain/module/modules/player/ItemScrollerModule,95.69,63.21,candidate,,delayMs | getDelay | isCtrlDown | isKeyDown | isShiftDown | onClickSlot,
oxxxde/اث,kotakbaz/rain/module/modules/hud/container/HudModule,33.11,1.79,candidate,name,,
oxxxde/اج,kotakbaz/rain/ui/mainmenu/RainMainMenuScreen$render$transition$1,65.10,0.00,candidate,standardDecelerate | standardDecelerate(F)F,,
oxxxde/اخ,kotakbaz/rain/ui/mainmenu/RainMainMenuScreen$render$transition$1,65.10,0.00,candidate,standardDecelerate | standardDecelerate(F)F,,
oxxxde/اد,kotakbaz/rain/module/modules/hud/h,12.01,2.65,candidate,,compare,
oxxxde/اذ,kotakbaz/rain/client/render/texture/loader/A,10.95,1.25,candidate,,lambda$static$0,
oxxxde/ار,kotakbaz/rain/client/render/texture/gif/A,165.13,50.08,candidate,,bind | create | delete | getHeight | getName | getTexId | getUpdateDelayMillis | getWidth | of | setUpdateDelayMillis | unBind | update,
oxxxde/از,kotakbaz/rain/client/render/main/scissor/a,29.83,21.28,candidate,,pop | push,
oxxxde/اص,kotakbaz/rain/client/render/texture/loader/d,10.64,0.00,candidate,,load,
oxxxde/اض,kotakbaz/rain/ui/menu/layout/MenuLayoutKt,68.48,69.73,candidate,,,AVATAR_BOTTOM_GAP | AVATAR_SIZE_FACTOR | LOGO_ICON_SIZE_FACTOR | SIDEBAR_STEP_FACTOR | SIDEBAR_VERTICAL_OFFSET_FACTOR
oxxxde/اط,kotakbaz/rain/ui/mainmenu/RainMainMenuScreen$render$transition$1,65.10,0.00,candidate,standardDecelerate | standardDecelerate(F)F,,
oxxxde/اظ,kotakbaz/rain/ui/api/UIComponent,348.75,238.79,candidate,,calcMidY | centerText | getAlpha | getDefaultFont | getHeight | getIconFont | getPadding | getWidth | getX | getY | onKeyPress | onMouseClick,alpha | height | padding | width | x | y
oxxxde/اغ,kotakbaz/rain/client/render/main/program/uniform/uniforms/c,11.55,0.00,candidate,,upload,
oxxxde/اف,kotakbaz/rain/module/modules/player/ChangeHandModule,90.25,38.57,accepted,По кнопке,onDisable | onEnable | onKey,
oxxxde/اق,kotakbaz/rain/client/draggable/DraggableManager,0.00,0.00,candidate,,,
oxxxde/اك,kotakbaz/rain/config/ConfigManager,1166.42,1145.84,accepted,Author | AutoLoad | ClickGui | ClickGuiModule | ClickGuiSettings | Content | Unknown | drags.json | selected_config.txt | way.json,currentAuthor | ensureConfigDirectory | ensureVisibleConfigsCache | getAuthor | getConfigNames | getConfigPath | getSelectedVisibleConfigName | getStateVersion | getVisibleConfigNames | getVisibleConfigs | isInternalConfigFile | isManualConfigName,
oxxxde/ام,kotakbaz/rain/ui/menu/SelectCategoryComponent,139.61,103.06,candidate,,getCategory | iconsPipeline | rectPipeline | render | textPipeline,ACTIVE_OFFSET_X | ICON_SIZE_FACTOR | SIDEBAR_PADDING | category | isActive | stateAnim
oxxxde/اي,kotakbaz/rain/client/util/render/engine/controls/RectGroup,35.21,3.00,candidate,,$values | valueOf | values,$VALUES
oxxxde/اً,kotakbaz/rain/client/render/texture/texture/B,33.96,0.00,candidate,,$values | valueOf | values,$VALUES
oxxxde/اٌ,kotakbaz/rain/ui/mainmenu/RainMainMenuScreen$render$transition$1,65.10,0.00,candidate,standardDecelerate | standardDecelerate(F)F,,
oxxxde/اٍ,kotakbaz/rain/ui/mainmenu/RainMainMenuScreen$render$transition$1,65.10,0.00,candidate,standardDecelerate | standardDecelerate(F)F,,
oxxxde/اَ,kotakbaz/rain/client/render/texture/controller/A,112.84,0.10,candidate,,bindTexture | deleteTexture | genTexId | pixelStore | texImage2D | texParameter | texSubImage2D,
oxxxde/اُ,kotakbaz/rain/module/restrict/FuntimeRestrict,224.03,221.17,candidate,,isActive | moduleOnFuntime | moduleOnFuntime$default | moduleOnServer | moduleOnServer$default | onlyOnFuntime | onlyOnFuntime$default | onlyOnServer | onlyOnServer$default | settingOnFuntime | settingOnFuntime$default | settingOnServer,
oxxxde/اِ,kotakbaz/rain/client/render/main/vertex/mesh/B,163.47,75.09,candidate,,builder | changeDrawMode | getDrawMode | getIndexBuffer | getIndexCount | getVertexBuffer | getVertexCount | getVertexFormat | makeStandalone | recreateIndexBuffer,
oxxxde/اّ,kotakbaz/rain/module/modules/render/TrailsModule,213.40,128.97,candidate,,addRibbonQuad | alpha | getSmoothPos | maxTrailPoints | onDisable | onEnable | onRender3D | renderLineMode | renderNewMode | renderRibbonFill | renderRibbonLine | resolveSpriteTexture,
oxxxde/بآ,kotakbaz/rain/module/modules/hud/TargetHudModule,99.48,42.85,accepted,event | format(...),onOverlayRender,
oxxxde/بأ,kotakbaz/rain/client/render/texture/loader/d,0.00,0.00,candidate,,,
oxxxde/بؤ,kotakbaz/rain/module/modules/render/ModuleCustomFog,102.21,59.79,candidate,,fogSkyArgb | getFogColor | getFogDensity | getFogDistance | resolvedFogColor | useCustomFog,
oxxxde/بإ,kotakbaz/rain/module/modules/hud/container/HudModule,29.52,22.56,candidate,event,,
oxxxde/با,kotakbaz/rain/client/render/main/program/uniform/uniforms/buffer/A,24.36,0.55,candidate,,lambda$static$0 | lambda$static$1,
oxxxde/بب,kotakbaz/rain/module/modules/hud/h,12.01,2.65,candidate,,compare,
oxxxde/بت,kotakbaz/rain/client/render/texture/loader/B,-0.35,0.00,candidate,,,
oxxxde/بث,kotakbaz/rain/client/render/texture/utils/gif/a,0.00,0.00,candidate,,,
oxxxde/بج,kotakbaz/rain/module/modules/hud/container/HudModule,190.30,57.99,accepted,WHITE | event | iterator(...) | next(...),,
oxxxde/بح,kotakbaz/rain/client/util/color/ColorUtil,61.29,53.98,candidate,,interpolateColor | normalize | normalizeInto | setAlpha,
oxxxde/بد,kotakbaz/rain/client/util/render/engine/controls/MatrixControl,97.97,86.45,candidate,,popMatrix | pushMatrix | reset | scaledProjection | startScale | unscaledProjection,
oxxxde/بذ,kotakbaz/rain/module/modules/hud/container/HudModule$renderContainer$panelWidth$1,104.61,0.00,candidate,standardAccelerate | standardAccelerate(F)F,,
oxxxde/بر,kotakbaz/rain/client/render/item/a,140.88,141.23,candidate,,rain$getXRot | rain$getYRot | rain$hasAdditionalOffset | rain$isBlock | rain$setAdditionalOffset | rain$setBlock | rain$setXRot | rain$setYRot,
oxxxde/بز,kotakbaz/rain/client/util/other/a,0.00,0.35,candidate,,,
oxxxde/بس,kotakbaz/rain/module/modules/render/ViewModelModule,-2.25,0.25,candidate,,,
oxxxde/بش,kotakbaz/rain/ui/mainmenu/RainMainMenuScreen$render$transition$1,65.10,0.00,candidate,standardDecelerate | standardDecelerate(F)F,,
oxxxde/بص,kotakbaz/rain/ui/api/PipelineManager$WhenMappings,9.07,0.00,candidate,,,$EnumSwitchMapping$0
oxxxde/بض,kotakbaz/rain/client/render/texture/utils/gif/a,0.00,0.00,candidate,,,
oxxxde/بط,kotakbaz/rain/module/modules/hud/MediaPlayerInfoModule,352.84,310.10,candidate,,animatedEnergy | centeredTopOffset | clearControlBounds | currentArtist | currentDrawerProgress | currentTitle | drawArtwork | drawBars | formatTrackTime | maybeRefreshTrackInfo | maybeRefreshTrackInfo$default | onChatClick,
oxxxde/بظ,kotakbaz/rain/ui/menu/PointsCategoryComponent$WhenMappings,21.73,12.32,candidate,,,$EnumSwitchMapping$0 | $EnumSwitchMapping$1
oxxxde/بع,kotakbaz/rain/client/interfaces/C,9.09,1.50,candidate,,render,
oxxxde/بف,kotakbaz/rain/client/util/animations/Easings,210.52,211.67,candidate,,cubicBezier | emphasized | emphasizedAccelerate | emphasizedDecelerate | linear | sampleCurveDerivativeX | sampleCurveX | sampleCurveY | solveCurveX | standard | standardAccelerate | standardDecelerate,
oxxxde/بق,kotakbaz/rain/ui/menu/misc/TextScroller,302.96,249.57,candidate,,cleanupStates | draw | draw$default | drawSingle | getDurationMs | getState | intersects | setDurationMs | stateKey | toTransformedX | updateOffset,CLEANUP_INTERVAL_MS | EPSILON | RETURN_ANIMATION_MS | STATE_TTL_MS | durationMs | lastCleanupMs | paddingBetweenTexts | scratchPos | states
oxxxde/بك,kotakbaz/rain/client/render/main/vertex/format/uploader/B,46.73,16.36,candidate,,applyFormatToBuffer | createVertexFormatBuffer | setupBuffer,
oxxxde/بم,kotakbaz/rain/client/waypoint/WayPointManager,12.91,2.80,candidate,,normalize,
oxxxde/بن,kotakbaz/rain/client/render/texture/utils/gif/a,0.00,0.00,candidate,,,
oxxxde/بو,kotakbaz/rain/module/modules/player/HitSoundsModule,59.86,33.14,candidate,,displayNameForSound | isCriticalHit | onAttack | selectedSound,
oxxxde/بً,kotakbaz/rain/ui/mainmenu/RainMainMenuScreen$render$transition$1,65.10,0.00,candidate,standardDecelerate | standardDecelerate(F)F,,
oxxxde/بٌ,kotakbaz/rain/ui/menu/misc/TextScroller,-0.70,0.10,candidate,,,
oxxxde/بٍ,kotakbaz/rain/ui/api/UIComponent,128.40,23.18,candidate,,getHeight | getWidth | getX | getY | setHeight | setWidth | setX | setY,height | width | x | y
oxxxde/بَ,kotakbaz/rain/module/modules/render/BlinkModule,343.84,289.87,candidate,,clearState | clearState$default | emitDashedLine | emitDashedOutline | emitLine | emitOutline | emitQuad | emitSolidBox | onDisable | onEnable | onRender3D | onUpdate,
oxxxde/بُ,kotakbaz/rain/ui/api/PipelineManager$WhenMappings,9.07,0.00,candidate,,,$EnumSwitchMapping$0
oxxxde/بِ,kotakbaz/rain/client/render/main/program/a,137.60,122.22,accepted,shaders;uniforms,applyTo | lambda$applyTo$0 | shaders | uniforms,
oxxxde/بّ,kotakbaz/rain/module/modules/hud/h,12.01,2.65,candidate,,compare,
oxxxde/بْ,kotakbaz/rain/client/render/texture/gif/a,17.61,17.61,candidate,,decompile,
oxxxde/ة,kotakbaz/rain/client/draggable/DraggableManager,0.00,0.00,candidate,,,
oxxxde/ت,kotakbaz/rain/module/modules/hud/container/HudModule$renderContainer$panelWidth$1,104.61,0.00,candidate,standardAccelerate | standardAccelerate(F)F,,
oxxxde/تء,kotakbaz/rain/client/render/item/a,0.00,0.35,candidate,,,
oxxxde/تآ,kotakbaz/rain/ui/mainmenu/RainMainMenuScreen$render$transition$1,65.10,0.00,candidate,standardDecelerate | standardDecelerate(F)F,,
oxxxde/تأ,kotakbaz/rain/module/modules/hud/WatermarkModule,260.44,216.96,candidate,,anchorTopY | animatedTopY | bossBarBottom | buildLayout | centeredTopOffset | currentBounds | currentLogoBounds | desiredTopY | drawDivider | drawParts | measure | onDisable,
oxxxde/تؤ,kotakbaz/rain/friend/FriendManager,29.61,17.26,candidate,name,,
oxxxde/تإ,kotakbaz/rain/client/render/texture/loader/d,0.00,0.00,candidate,,,
oxxxde/تئ,kotakbaz/rain/client/render/main/b,100.96,89.23,candidate,,createGlslFileEntry | createProgramBuilder | createShaderLibraryBuilder | getContent | lambda$new$0 | lambda$new$1,
oxxxde/تا,kotakbaz/rain/client/render/main/exceptions/a,0.00,0.35,candidate,,,
oxxxde/تب,kotakbaz/rain/module/modules/player/ElytraSwapModule,72.20,0.35,candidate,,onDisable | onEnable | onKey | onUpdate | resetProgress | toHandlerSlot,
oxxxde/تة,kotakbaz/rain/client/render/texture/builder/a,107.83,68.19,candidate,,build | checkArguments | colorMode | filtering | name | path | wrapping,
oxxxde/تت,kotakbaz/rain/event/types/Event,14.61,14.96,candidate,,put,
oxxxde/تث,kotakbaz/rain/client/draggable/DraggableManager,0.00,0.00,candidate,,,
oxxxde/تج,kotakbaz/rain/ui/mainmenu/RainMainMenuScreen$render$transition$1,65.10,0.00,candidate,standardDecelerate | standardDecelerate(F)F,,
oxxxde/تح,kotakbaz/rain/ui/mainmenu/RainMainMenuScreen$render$transition$1,65.10,0.00,candidate,standardDecelerate | standardDecelerate(F)F,,
oxxxde/تخ,kotakbaz/rain/client/util/render/font/a,142.70,99.09,candidate,,getAdvance | getLeftChar | getRightChar | setAdvance | setLeftChar | setRightChar,advance | leftChar | rightChar
oxxxde/تد,kotakbaz/rain/client/util/render/world/CustomHitBoxRenderer,143.74,115.56,candidate,,draw | draw$default | drawLineBox | emitLine | emitOutline | emitSolidBox | emitStriped | emitStripedLine | vertexQuad,
oxxxde/تر,kotakbaz/rain/client/util/media/a,510.60,466.76,accepted,rain.media.enabled,clearTexture | getArtist | getDuration | getDurationTime | getLastTrackTitle | getPlaing | getPosition | getProgress | getTexture | getTextureHeight | getTextureId | getTextureWidth,
oxxxde/تس,kotakbaz/rain/ui/menu/misc/TransitionManager,148.09,138.68,candidate,,alpha | getCurrent | getNext | isSelected | select | updateAndGetAlpha,alpha | animation | current | next
oxxxde/تش,kotakbaz/rain/client/render/texture/utils/gif/a,0.00,0.00,candidate,,,
oxxxde/تص,kotakbaz/rain/module/modules/player/LockSlotModule,15.76,2.55,candidate,,onDrop,
oxxxde/تظ,kotakbaz/rain/client/render/main/buffer/b,73.13,42.82,candidate,,bind | getId | getTarget | getUsage | unbind,
oxxxde/تع,kotakbaz/rain/ui/mainmenu/RainMainMenuScreen,32.53,5.10,candidate,context,,
oxxxde/تق,kotakbaz/rain/client/render/texture/utils/gif/a,33.97,33.97,candidate,,decompileDeltas | decompileFull,
oxxxde/تل,kotakbaz/rain/client/render/texture/loader/d,0.00,0.00,candidate,,,
oxxxde/تو,kotakbaz/rain/client/draggable/DraggableManager,0.00,0.00,candidate,,,
oxxxde/تي,kotakbaz/rain/ui/mainmenu/RainMainMenuScreen$render$transition$1,65.10,0.00,candidate,standardDecelerate | standardDecelerate(F)F,,
oxxxde/تً,kotakbaz/rain/module/modules/hud/container/Element,310.43,283.12,candidate,,getAnimation | getCachedWidthFirst | getCachedWidthLeading | getCachedWidthSecond | getFirst | getProgress | getSecond | getValid | setCachedWidthFirst | setCachedWidthLeading | setCachedWidthSecond | setFirst,
oxxxde/تٌ,kotakbaz/rain/client/draggable/DraggableManager,0.00,0.00,candidate,,,
oxxxde/تٍ,kotakbaz/rain/client/render/texture/utils/gif/a,0.00,0.00,candidate,,,
oxxxde/تَ,kotakbaz/rain/client/discord/a,13.41,0.52,candidate,,shutdown,
oxxxde/تُ,kotakbaz/rain/module/modules/hud/container/HudModule$renderContainer$panelWidth$1,104.61,0.00,candidate,standardAccelerate | standardAccelerate(F)F,,
oxxxde/تّ,kotakbaz/rain/ui/mainmenu/RainMainMenuScreen$render$transition$1,65.10,0.00,candidate,standardDecelerate | standardDecelerate(F)F,,
oxxxde/تْ,kotakbaz/rain/ui/api/PipelineManager$WhenMappings,9.07,0.00,candidate,,,$EnumSwitchMapping$0
oxxxde/ثأ,kotakbaz/rain/module/modules/hud/MediaPlayerInfoModule,59.89,20.43,candidate,,centeredTopOffset | onDisable | onOverlayRender | renderHud | withAlpha,
oxxxde/ثؤ,kotakbaz/rain/client/render/texture/loader/d,28.25,17.61,candidate,,createTextureBuilder | load,
oxxxde/ثإ,kotakbaz/rain/client/util/render/engine/controls/RectGroup,53.35,2.05,candidate,,$values | getEntries | valueOf | values,$ENTRIES | $VALUES
oxxxde/ثئ,kotakbaz/rain/ui/menu/PointsCategoryComponent$WhenMappings,0.00,0.00,candidate,,,
oxxxde/ثا,kotakbaz/rain/module/modules/hud/CoordinatesHudModule,6.13,0.45,candidate,,onDisable,
oxxxde/ثب,kotakbaz/rain/friend/FriendManager,33.41,22.70,candidate,name,,
oxxxde/ثة,kotakbaz/rain/module/modules/player/AutoInvestModule,233.02,190.11,accepted,монет,clearPendingInvestment | configuredInvestAmount | findSidebarBalance | findSidebarBalance$addCandidate | isInvestmentApplied | onDisable | onEnable | onUpdate | parseLargestPositiveNumber | resetState | sanitizeScoreboardLine,
oxxxde/ثت,kotakbaz/rain/client/render/texture/utils/gif/a,0.00,0.00,candidate,,,
oxxxde/ثث,kotakbaz/rain/client/render/main/ChromaRenderer,5.60,0.13,candidate,,,initialized
oxxxde/ثد,kotakbaz/rain/module/modules/hud/h,12.01,2.65,candidate,,compare,
oxxxde/ثذ,kotakbaz/rain/client/render/main/compile/b,240.39,240.74,accepted,#include,bindAttributes | bindKnownAttributeLocations | compileProgram | compileShader | getShaderLibrary | includeShaderLibraries | lambda$compileProgram$0 | lambda$includeShaderLibraries$1 | registerShaderLibraries | unregisterShaderLibraries,
oxxxde/ثر,kotakbaz/rain/module/modules/render/ItemHighliterModule,67.44,28.37,candidate,,highlightEntry | renderHighlight | resolveColor | resolveItemColor,
oxxxde/ثز,kotakbaz/rain/module/modules/hud/h,12.01,2.65,candidate,,compare,
oxxxde/ثس,kotakbaz/rain/ui/menu/settings/ModuleSettingFactory,11.03,3.20,candidate,,create,
oxxxde/ثش,kotakbaz/rain/client/draggable/DraggableManager,0.00,0.00,candidate,,,
oxxxde/ثص,kotakbaz/rain/ui/mainmenu/RainMainMenuScreen$render$transition$1,65.10,0.00,candidate,standardDecelerate | standardDecelerate(F)F,,
oxxxde/ثض,kotakbaz/rain/module/modules/render/ItemPhysicModule,97.35,97.70,accepted,Физика,is2DMode | isPhysicsMode,
oxxxde/ثط,kotakbaz/rain/client/render/texture/loader/a,27.00,16.81,candidate,,lambda$load$0 | load,
oxxxde/ثظ,kotakbaz/rain/ui/mainmenu/RainMainMenuScreen,34.29,14.48,candidate,rain,,
oxxxde/ثع,kotakbaz/rain/client/draggable/c,8.36,8.71,candidate,,onClick,
oxxxde/ثف,kotakbaz/rain/client/render/texture/loader/B,-0.35,0.00,candidate,,,
oxxxde/ثق,kotakbaz/rain/client/render/texture/loader/B,-0.35,0.00,candidate,,,
oxxxde/ثك,kotakbaz/rain/module/modules/player/FuntimeHelperModule,164.90,121.72,candidate,,collectPlastPreviewBoxes | createCardinalPlastBox | createDiagonalPlastBoxes | directionFromYaw | hasPlayerInBoxes | hasPlayerInRadius | onRender3D | renderCircle | renderPlastPreview | renderTrapkaCube,
oxxxde/ثل,kotakbaz/rain/ui/mainmenu/RainMainMenuScreen$render$transition$1,65.10,0.00,candidate,standardDecelerate | standardDecelerate(F)F,,
oxxxde/ثم,kotakbaz/rain/ui/mainmenu/RainMainMenuScreen$render$transition$1,65.10,0.00,candidate,standardDecelerate | standardDecelerate(F)F,,
oxxxde/ثه,kotakbaz/rain/ui/mainmenu/RainMainMenuScreen$render$transition$1,65.10,0.00,candidate,standardDecelerate | standardDecelerate(F)F,,
oxxxde/ثو,kotakbaz/rain/module/modules/player/PvpSafeModule,48.05,35.32,candidate,,isCombatTagged | onMessage | shouldBlockDisconnectButton,
oxxxde/ثً,kotakbaz/rain/client/util/color/ColorUtil,11.56,0.61,candidate,,normalize,
oxxxde/ثٌ,kotakbaz/rain/client/draggable/D,71.13,16.84,candidate,,create | ensureParentDirectory | getDraggables | load | save,
oxxxde/ثٍ,kotakbaz/rain/ui/menu/settings/impl/ColorSettingComponent,637.76,570.71,accepted,interface_hue,applyColor | applyCurrentHSB | drawAlphaBar | drawButton | drawHueBar | drawPicker | expandedLayout | expandedSectionHeight | getComponentHeight | onMouseClick | onMouseRelease | openProgress,HUE_TEXTURE_KEY | alphaHeight | alphaValue | brightness | buttonHeight | copiedColor | draggingAlpha | draggingHue | draggingPicker | gap | hue | hueHeight
oxxxde/ثَ,kotakbaz/rain/client/render/texture/loader/B,-0.35,0.00,candidate,,,
oxxxde/ثُ,kotakbaz/rain/client/render/texture/loader/C,0.00,0.35,candidate,,,
oxxxde/ثِ,kotakbaz/rain/module/modules/render/SwingAnimationModule,31.77,32.12,candidate,,applyEquipOffset | onHandSwing,
oxxxde/ثّ,kotakbaz/rain/module/modules/render/Q,8.21,0.10,candidate,,update,
oxxxde/ثْ,kotakbaz/rain/ui/menu/MenuStyle,274.40,274.85,candidate,,getIconBase | getPanelBase | getSurfaceBase | getTitleBase | getValueBase | icon | icon$default | panel | panel$default | surface | surface$default | title,BLUR_MIX
oxxxde/ج,kotakbaz/rain/module/modules/player/PingInChatModule,30.44,19.21,candidate,,checkForMention | displayNameForSound,
oxxxde/جآ,kotakbaz/rain/ui/mainmenu/RainMainMenuScreen$render$transition$1,65.10,0.00,candidate,standardDecelerate | standardDecelerate(F)F,,
oxxxde/جأ,kotakbaz/rain/client/render/main/exceptions/a,68.37,56.58,candidate,,getDescription | getDetails | getReasons | getSolutions,
oxxxde/جؤ,kotakbaz/rain/module/modules/player/FriendsColorModule,49.38,49.73,candidate,,createColoredArmor | createReplacementArmor | shouldReplaceArmor,
oxxxde/جإ,kotakbaz/rain/client/render/texture/loader/A,10.50,1.25,candidate,,lambda$static$0,
oxxxde/جئ,kotakbaz/rain/client/render/texture/utils/gif/a,0.00,0.00,candidate,,,
oxxxde/جت,kotakbaz/rain/ui/mainmenu/RainMainMenuScreen$render$transition$1,65.10,0.00,candidate,standardDecelerate | standardDecelerate(F)F,,
oxxxde/جج,kotakbaz/rain/client/draggable/DraggableManager,0.00,0.00,candidate,,,
oxxxde/جح,kotakbaz/rain/module/modules/render/j,13.71,13.71,candidate,,from,
oxxxde/جخ,kotakbaz/rain/ui/mainmenu/RainMainMenuScreen,89.14,30.56,accepted,WHITE | interface_avatar,render,
oxxxde/جد,kotakbaz/rain/client/render/main/program/uniform/a,102.38,93.00,accepted,clazz;uniformCreator,clazz | uniformCreator,
oxxxde/جذ,kotakbaz/rain/client/discord/a,54.68,30.70,accepted,Rain Visuals,,
oxxxde/جر,kotakbaz/rain/ui/menu/CategoryComponent,402.76,141.78,candidate,,contentArea | currentModuleSignature | filteredModules | getCategory | insideContent | onKeyPress | onMouseClick | onMouseRelease | onMouseScroll | refreshVisibleModulesIfNeeded | render | renderEmptyState,cachedTotalHeight | cachedViewHeight | category | categoryModules | contentTopOffset | lastModuleSignature | normalizedSearch | panelWidth | scroll
oxxxde/جز,kotakbaz/rain/client/util/render/TextureLoader,9.84,0.25,candidate,,load,
oxxxde/جس,kotakbaz/rain/module/modules/hud/container/HudModule$renderContainer$panelWidth$1,104.61,0.00,candidate,standardAccelerate | standardAccelerate(F)F,,
oxxxde/جش,kotakbaz/rain/client/util/render/engine/controls/RectGroup,35.21,3.00,candidate,,$values | valueOf | values,$VALUES
oxxxde/جص,kotakbaz/rain/ui/mainmenu/RainMainMenuScreen$render$transition$1,65.10,0.00,candidate,standardDecelerate | standardDecelerate(F)F,,
oxxxde/جض,kotakbaz/rain/module/modules/render/ModuleCustomHitBox,137.94,74.17,candidate,,clearState | clearState$default | onDisable | onEnable | onRender3D | onRender3D$renderBoxes | resolveRenderColor | selectedColor | shouldRender | updateDamageAnimation,
oxxxde/جط,kotakbaz/rain/module/modules/render/SoulsModule,229.91,174.05,accepted,rain_soul_hidden,applyInitialGhostRotation | clearHideTeam | createGhostProfile | hideNameTag | onAttack | onDisable | onEnable | onTotemPop | onUpdate | spawnSoul | updateGhostForRender,
oxxxde/جف,kotakbaz/rain/client/render/texture/utils/gif/a,0.00,0.00,candidate,,,
oxxxde/جق,kotakbaz/rain/module/modules/render/HitParticlesModule,28.60,0.20,candidate,,onDisable | onEnable | onRender3D,
oxxxde/جك,kotakbaz/rain/client/render/texture/loader/d,0.00,0.00,candidate,,,
oxxxde/جل,kotakbaz/rain/client/util/render/engine/controls/LayerControl,53.83,34.10,accepted,pipelines,,
oxxxde/جه,kotakbaz/rain/ui/mainmenu/RainMainMenuScreen$render$transition$1,65.10,0.00,candidate,standardDecelerate | standardDecelerate(F)F,,
oxxxde/جو,kotakbaz/rain/client/render/texture/b,57.27,22.06,candidate,,$values | lambda$static$0 | lambda$static$1 | valueOf | values,$VALUES
oxxxde/جي,kotakbaz/rain/client/render/main/vertex/mesh/a,63.39,16.90,candidate,,buildNullable | buildOrThrow | element | vertex,
oxxxde/جٌ,kotakbaz/rain/ui/mainmenu/RainMainMenuScreen$render$transition$1,65.10,0.00,candidate,standardDecelerate | standardDecelerate(F)F,,
oxxxde/جٍ,kotakbaz/rain/ui/menu/MenuScreen,0.33,0.33,candidate,https://rainvisuals.pro,,
oxxxde/جَ,kotakbaz/rain/ui/mainmenu/RainMainMenuScreen$render$transition$1,65.10,0.00,candidate,standardDecelerate | standardDecelerate(F)F,,
oxxxde/جِ,kotakbaz/rain/client/util/render/ScissorUtil,51.50,51.85,candidate,,end | getCurrentScissorValues | start,
oxxxde/جْ,kotakbaz/rain/ui/menu/PointsCategoryComponent$WhenMappings,21.73,12.32,candidate,,,$EnumSwitchMapping$0 | $EnumSwitchMapping$1
oxxxde/حء,kotakbaz/rain/ui/mainmenu/RainMainMenuScreen$render$transition$1,65.10,0.00,candidate,standardDecelerate | standardDecelerate(F)F,,
oxxxde/حآ,kotakbaz/rain/client/util/render/engine/controls/RectGroup,33.81,0.20,candidate,,$values | valueOf | values,$VALUES
oxxxde/حؤ,kotakbaz/rain/module/modules/hud/BindsModule,9.18,0.90,candidate,,onOverlayRender,
oxxxde/حإ,kotakbaz/rain/ui/mainmenu/RainMainMenuScreen$render$transition$1,65.10,0.00,candidate,standardDecelerate | standardDecelerate(F)F,,
oxxxde/حئ,kotakbaz/rain/ui/api/PipelineManager,55.25,55.70,candidate,,getPipelines,GUI_PIPELINES | HUD_PIPELINES | WINDOW_PIPELINES
oxxxde/حا,kotakbaz/rain/client/render/main/vertex/element/A,249.17,132.30,accepted,byteSize;typeName;glId;clazz;uploadConsumer,byteSize | clazz | glId | lambda$static$0 | lambda$static$1 | lambda$static$2 | lambda$static$3 | lambda$static$4 | lambda$static$5 | lambda$static$6 | typeName | uploadConsumer,
oxxxde/حب,kotakbaz/rain/client/render/texture/loader/B,-0.35,0.00,candidate,,,
oxxxde/حة,kotakbaz/rain/ui/mainmenu/RainMainMenuScreen$render$transition$1,65.10,0.00,candidate,standardDecelerate | standardDecelerate(F)F,,
oxxxde/حت,kotakbaz/rain/ui/menu/misc/TransitionManager,22.79,12.38,candidate,,,animation | current
oxxxde/حث,kotakbaz/rain/event/events/e,52.83,52.83,candidate,,getMOUSE_X | getMOUSE_Y | getPARTIAL_TICKS,
oxxxde/حج,kotakbaz/rain/client/render/texture/loader/B,-0.35,0.00,candidate,,,
oxxxde/حد,kotakbaz/rain/ui/mainmenu/RainMainMenuScreen$render$transition$1,65.10,0.00,candidate,standardDecelerate | standardDecelerate(F)F,,
oxxxde/حذ,kotakbaz/rain/ui/mainmenu/RainMainMenuScreen$render$transition$1,65.10,0.00,candidate,standardDecelerate | standardDecelerate(F)F,,
oxxxde/حر,kotakbaz/rain/ui/mainmenu/RainMainMenuScreen$render$transition$1,65.10,0.00,candidate,standardDecelerate | standardDecelerate(F)F,,
oxxxde/حز,kotakbaz/rain/ui/menu/MenuScreen,2529.49,2530.39,accepted,150% | 200% | https://rainvisuals.pro | Инфо | Открыть | Размер гуи | Размер худа | Фон гуи,appendModuleSearch | applyScrollBarDrag | avatarBounds | avatarPopupBounds | avatarPopupBounds$default | avatarPopupCloseBounds | avatarPopupContentInset | avatarPopupGuiBackgroundBounds | avatarPopupGuiScaleProgress | avatarPopupGuiScaleSliderBounds | avatarPopupGuiScaleSliderHitBounds | avatarPopupGuiScaleValueText,AVATAR_POPUP_BOOLEAN_HEIGHT | AVATAR_POPUP_CLOSE_ICON | AVATAR_POPUP_GUI_BACKGROUND_ICON | AVATAR_POPUP_GUI_BACKGROUND_INDEX | AVATAR_POPUP_GUI_BACKGROUND_LABEL | AVATAR_POPUP_GUI_SCALE_ICON | AVATAR_POPUP_GUI_SCALE_INDEX | AVATAR_POPUP_GUI_SCALE_LABEL | AVATAR_POPUP_GUI_SCALE_MAX_VALUE_TEXT | AVATAR_POPUP_HEADER_TEXT_SIZE | AVATAR_POPUP_HUD_SCALE_ICON | AVATAR_POPUP_HUD_SCALE_INDEX
oxxxde/حس,kotakbaz/rain/ui/mainmenu/RainMainMenuScreen$render$transition$1,65.10,0.00,candidate,standardDecelerate | standardDecelerate(F)F,,
oxxxde/حش,kotakbaz/rain/module/modules/render/PerspectiveModule,175.71,133.50,candidate,,cameraPitch | cameraYaw | captureCamera | disablePerspective | isBindPressedNow | isPerspectiveActive | onDisable | onEnable | onKey | onUpdate | resetState | rotateCamera,
oxxxde/حص,kotakbaz/rain/client/render/texture/loader/d,10.64,0.00,candidate,,load,
oxxxde/حط,kotakbaz/rain/ui/api/PipelineManager$WhenMappings,9.07,0.00,candidate,,,$EnumSwitchMapping$0
oxxxde/حغ,kotakbaz/rain/module/modules/hud/h,0.00,0.35,candidate,,,
oxxxde/حف,kotakbaz/rain/client/util/other/c,163.68,153.81,candidate,,containsKey | containsValue | entrySet | getEntries | getKeys | getOrDefault | getSize | getValues | keySet | removeEldestEntry | values,
oxxxde/حق,kotakbaz/rain/ui/menu/settings/impl/ModeSettingComponent,225.68,194.44,candidate,,getComponentHeight | onMouseClick | openProgress | render | selectorRect,baseHeight | iconRightOffsetExtra | open | openAnim | openDuration | optionAnims | optionDuration | optionGap | optionHeight | optionTextLeftPadding | optionTextSize | optionTextToIconGap
oxxxde/حك,kotakbaz/rain/client/render/texture/loader/d,0.00,0.00,candidate,,,
oxxxde/حل,kotakbaz/rain/client/listener/listeners/InputListener,54.63,37.01,candidate,,init | mouseX | mouseY | onKey,
oxxxde/حن,kotakbaz/rain/client/render/main/buffer/A,33.96,0.35,candidate,,$values | valueOf | values,$VALUES
oxxxde/حو,kotakbaz/rain/client/render/main/vertex/element/a,-0.35,0.00,candidate,,,
oxxxde/حً,kotakbaz/rain/client/render/main/vertex/B,102.21,88.90,candidate,,generateIndexBuffer | getIndexBuffer | getIndexConsumer | getIndexType | isLargeEnough | lambda$getIndexConsumer$0,
oxxxde/حَ,kotakbaz/rain/client/render/texture/utils/gif/a,0.00,0.00,candidate,,,
oxxxde/حُ,kotakbaz/rain/ui/menu/PointsCategoryComponent$WhenMappings,21.73,12.32,candidate,,,$EnumSwitchMapping$0 | $EnumSwitchMapping$1
oxxxde/حِ,kotakbaz/rain/client/render/texture/loader/B,-0.35,0.00,candidate,,,
oxxxde/حّ,kotakbaz/rain/event/types/EventCancellable,0.00,0.35,candidate,,,
oxxxde/حْ,kotakbaz/rain/client/liteapi/HolyWorldFeatureControl,286.43,274.77,accepted,rain-visuals,bind | blockedModules | debug | featureAliases | isBlocked | load | normalizeFeature | receive | request | requestJson | reset | tick,
oxxxde/خ,kotakbaz/rain/client/render/texture/loader/B,-0.35,0.00,candidate,,,
oxxxde/خء,kotakbaz/rain/module/modules/hud/h,12.01,2.65,candidate,,compare,
oxxxde/خآ,kotakbaz/rain/ui/mainmenu/RainMainMenuScreen$render$transition$1,65.10,0.00,candidate,standardDecelerate | standardDecelerate(F)F,,
oxxxde/خأ,kotakbaz/rain/module/modules/player/ShiftTapModule,25.78,1.75,candidate,,onDisable | onEnable | onUpdate,
oxxxde/خؤ,kotakbaz/rain/ui/api/PipelineManager$WhenMappings,9.07,0.00,candidate,,,$EnumSwitchMapping$0
oxxxde/خإ,kotakbaz/rain/client/render/main/compile/a,98.42,90.70,accepted,name;content,content | name,
oxxxde/خئ,kotakbaz/rain/client/render/texture/loader/d,0.00,0.00,candidate,,,
oxxxde/خا,kotakbaz/rain/module/modules/hud/CooldownsHudModule,74.30,34.47,candidate,,formatDuration | getCurrentData | onOverlayRender | resolveCooldownStack,map
oxxxde/خث,kotakbaz/rain/module/modules/player/ElytraSwapModule,106.62,35.57,candidate,,findChestplateSlot | findElytraSlot | onDisable | onEnable | onKey | onUpdate | resetProgress | toHandlerSlot,
oxxxde/خج,kotakbaz/rain/friend/FriendManager,47.05,35.56,accepted,name,save,
oxxxde/خح,kotakbaz/rain/ui/mainmenu/RainMainMenuScreen$render$transition$1,65.10,0.00,candidate,standardDecelerate | standardDecelerate(F)F,,
oxxxde/خخ,kotakbaz/rain/ui/mainmenu/RainMainMenuScreen$render$transition$1,65.10,0.00,candidate,standardDecelerate | standardDecelerate(F)F,,
oxxxde/خد,kotakbaz/rain/client/render/texture/utils/gif/a,0.00,0.00,candidate,,,
oxxxde/خز,kotakbaz/rain/client/render/main/ChromaRenderer,15.04,15.39,candidate,,,initialized | logger
oxxxde/خس,kotakbaz/rain/client/render/texture/loader/d,0.00,0.00,candidate,,,
oxxxde/خش,kotakbaz/rain/ui/mainmenu/RainMainMenuScreen$render$transition$1,65.10,0.00,candidate,standardDecelerate | standardDecelerate(F)F,,
oxxxde/خص,kotakbaz/rain/module/modules/hud/ArmorHudModule,65.37,35.82,candidate,,drawBackground | drawDurability | durabilityColor | renderInGameHud,
oxxxde/خض,kotakbaz/rain/client/render/texture/utils/gif/gif/A,185.02,130.14,accepted,Oracle Corporation | com.sun.imageio.plugins.gif.GIFImageReader,canDecodeInput | createReaderInstance | getDescription,
oxxxde/خط,kotakbaz/rain/ui/api/PipelineManager$WhenMappings,9.07,0.00,candidate,,,$EnumSwitchMapping$0
oxxxde/خظ,kotakbaz/rain/client/util/other/c,163.68,153.81,candidate,,containsKey | containsValue | entrySet | getEntries | getKeys | getOrDefault | getSize | getValues | keySet | removeEldestEntry | values,
oxxxde/خع,kotakbaz/rain/client/render/texture/loader/d,0.00,0.00,candidate,,,
oxxxde/خغ,kotakbaz/rain/ui/mainmenu/RainMainMenuScreen$render$transition$1,65.10,0.00,candidate,standardDecelerate | standardDecelerate(F)F,,
oxxxde/خق,kotakbaz/rain/event/events/c,52.83,52.83,candidate,,getBUTTON | getMOUSE | getRELEASE,
oxxxde/خك,kotakbaz/rain/ui/mainmenu/RainMainMenuScreen$render$transition$1,65.10,0.00,candidate,standardDecelerate | standardDecelerate(F)F,,
oxxxde/خل,kotakbaz/rain/ui/menu/render/MenuBackgroundRendererKt,73.63,73.98,accepted,interface_avatar,,MENU_AVATAR_TEXTURE_KEY
oxxxde/خم,kotakbaz/rain/module/modules/hud/CooldownsHudModule,1.36,3.16,candidate,,formatDuration,
oxxxde/خن,kotakbaz/rain/ui/mainmenu/RainMainMenuScreen$render$transition$1,65.10,0.00,candidate,standardDecelerate | standardDecelerate(F)F,,
oxxxde/خه,kotakbaz/rain/client/render/main/ChromaRenderer,8.95,6.43,candidate,,,logger
oxxxde/خو,kotakbaz/rain/client/render/texture/utils/gif/a,0.00,0.00,candidate,,,
oxxxde/خي,kotakbaz/rain/module/modules/render/TracesModule,174.39,122.32,candidate,,appendTrailPointIfNeeded | calculateAlpha | calculateMovementYaw | clearState | lifetimeMillis | onDisable | onEnable | onRender3D | onUpdate | renderTrailPoint | resolveLastPosition | updateSelfTrail,
oxxxde/خً,kotakbaz/rain/module/ModuleManager,43.73,33.44,candidate,,getModules | load | syncAvailabilityStates,
oxxxde/خٍ,kotakbaz/rain/module/modules/hud/h,0.00,0.35,candidate,,,
oxxxde/خُ,kotakbaz/rain/client/render/main/builders/a,7.72,0.10,candidate,,name,
oxxxde/خِ,kotakbaz/rain/module/modules/player/AutoEatModule,27.48,0.90,candidate,,onDisable | onEnable | onUpdate,
oxxxde/خّ,kotakbaz/rain/client/render/texture/loader/B,0.00,0.00,candidate,,,
oxxxde/خْ,kotakbaz/rain/module/modules/render/FullbrightModule,89.59,72.04,candidate,,applyEffectMode | clearEffectIfNeeded | isInjectedNightVisionEffect | onDisable | onUpdate | usesNightVisionEffect,
oxxxde/د,kotakbaz/rain/module/modules/player/NameProtectModule,14.16,14.16,candidate,,protectString,
oxxxde/دأ,kotakbaz/rain/ui/mainmenu/RainMainMenuScreen$render$transition$1,65.10,0.00,candidate,standardDecelerate | standardDecelerate(F)F,,
oxxxde/دؤ,kotakbaz/rain/client/render/texture/utils/gif/a,0.00,0.00,candidate,,,
oxxxde/دإ,kotakbaz/rain/module/ModuleManager,7.14,0.45,candidate,,load,
oxxxde/دئ,kotakbaz/rain/ui/mainmenu/RainMainMenuScreen$render$transition$1,65.10,0.00,candidate,standardDecelerate | standardDecelerate(F)F,,
oxxxde/دب,kotakbaz/rain/client/render/texture/utils/gif/a,0.00,0.00,candidate,,,
oxxxde/دت,kotakbaz/rain/client/render/texture/loader/B,-0.35,0.00,candidate,,,
oxxxde/دج,kotakbaz/rain/client/render/main/vertex/format/uploader/a,30.47,1.45,candidate,,applyFormatToBuffer | createVertexFormatBuffer,
oxxxde/دخ,kotakbaz/rain/ui/mainmenu/RainMainMenuScreen$render$transition$1,65.10,0.00,candidate,standardDecelerate | standardDecelerate(F)F,,
oxxxde/دد,kotakbaz/rain/client/util/other/FrameGate,9.36,1.60,candidate,,reset,
oxxxde/دذ,kotakbaz/rain/client/render/texture/utils/gif/a,0.00,0.00,candidate,,,
oxxxde/دز,kotakbaz/rain/module/modules/hud/h,12.01,2.65,candidate,,compare,
oxxxde/دس,kotakbaz/rain/ui/menu/PointsCategoryComponent,-16.80,1.54,candidate,,,
oxxxde/دط,kotakbaz/rain/client/render/main/program/uniform/uniforms/c,11.55,0.00,candidate,,upload,
oxxxde/دظ,kotakbaz/rain/module/modules/render/HitParticlesModule,78.28,14.81,candidate,,onAttack | onDisable | onEnable | onRender3D | renderParticle | selectedColor | updateParticles,
oxxxde/دع,kotakbaz/rain/client/listener/a,27.45,17.16,candidate,,getListeners | load,
oxxxde/دف,kotakbaz/rain/ui/mainmenu/RainMainMenuScreen$render$transition$1,65.10,0.00,candidate,standardDecelerate | standardDecelerate(F)F,,
oxxxde/دق,kotakbaz/rain/client/render/main/program/uniform/uniforms/buffer/a,26.91,16.26,candidate,,getBufferIndex | upload,
oxxxde/دل,kotakbaz/rain/client/render/texture/loader/d,0.00,0.00,candidate,,,
oxxxde/دن,kotakbaz/rain/client/render/main/exceptions/A,13.71,13.71,candidate,,printAndExit,
oxxxde/ده,kotakbaz/rain/ui/mainmenu/RainMainMenuScreen$render$transition$1,65.10,0.00,candidate,standardDecelerate | standardDecelerate(F)F,,
oxxxde/دو,kotakbaz/rain/client/render/texture/utils/gif/A,-0.45,0.25,candidate,,,
oxxxde/دً,kotakbaz/rain/module/modules/hud/container/HudModule$renderContainer$panelWidth$1,104.61,0.00,candidate,standardAccelerate | standardAccelerate(F)F,,
oxxxde/دٌ,kotakbaz/rain/client/render/texture/loader/d,0.00,0.00,candidate,,,
oxxxde/دٍ,kotakbaz/rain/client/util/render/engine/controls/RectGroup,212.57,162.32,accepted,BASIC | TEXTURED,$values | getEntries | valueOf | values,$ENTRIES | $VALUES | BASIC | TEXTURED
oxxxde/دَ,kotakbaz/rain/ui/mainmenu/RainMainMenuScreen$render$transition$1,65.10,0.00,candidate,standardDecelerate | standardDecelerate(F)F,,
oxxxde/دُ,kotakbaz/rain/client/draggable/c,4.46,4.46,candidate,,onClick,
oxxxde/دّ,kotakbaz/rain/module/modules/player/CommandFixModule,203.18,189.70,accepted,"qwertyuiop[]asdfghjkl;'zxcvbnm,. | йцукенгшщзхъфывапролджэячсмитьбю",onMessage | shouldConvertToSlash | translateChar | translateCommandToken,
oxxxde/ذ,kotakbaz/rain/ui/menu/settings/impl/BindSettingComponent,224.76,107.97,candidate,,bindRect | bindText | getComponentHeight | keyName | onKeyPress | onMouseClick | render,bindTextSize | boxTextPadding | componentHeight | focusAnim | listening | minBindWidth | selectedExpand | textShiftAnim | titleSize | widthAnim
oxxxde/ذء,kotakbaz/rain/client/render/main/program/uniform/uniforms/A,10.75,0.00,candidate,,upload,
oxxxde/ذآ,kotakbaz/rain/ui/menu/settings/impl/TextSettingComponent,238.46,120.97,candidate,,displayTextForSizing | getComponentHeight | inputRect | onKeyPress | onMouseClick | render | trimToFit,boxTextPadding | componentHeight | editing | focusAnim | inputTextSize | lastInputWidth | lastMaxInputWidth | minInputWidth | selectedExpand | titleSize | widthAnim
oxxxde/ذؤ,kotakbaz/rain/event/types/Event,14.61,14.61,candidate,,put,
oxxxde/ذئ,kotakbaz/rain/client/render/texture/utils/gif/gif/B,449.19,427.74,candidate,,checkIndex | computeDecodeThisRow | concatenateBlocks | copyData | createIndexed | getCode | getDefaultPalette | getDefaultReadParam | getHeight | getImageMetadata | getImageTypes | getNumImages,
oxxxde/ذا,kotakbaz/rain/client/render/main/program/uniform/uniforms/sampler/a,131.77,14.76,accepted,uploadConsumer,lambda$static$0 | lambda$static$1 | lambda$static$2 | lambda$static$3 | uploadConsumer,
oxxxde/ذب,kotakbaz/rain/client/interfaces/IFunctionalWidget,57.56,2.25,candidate,,onKeyPress | onMouseClick | onMouseRelease | onMouseScroll | render,
oxxxde/ذة,kotakbaz/rain/client/waypoint/WayPointManager,639.80,599.97,accepted,bind | waypoints | Точка,add$default | calculateViewBobbing | centeredTopOffset | createQuickWaypoint | deserialize | distanceTo | ensureDirectory | formatDistance | getFilePath | getWayPoints | hasWaypoint | iconFor,
oxxxde/ذت,kotakbaz/rain/client/render/texture/utils/gif/a,0.00,0.00,candidate,,,
oxxxde/ذج,kotakbaz/rain/module/modules/render/BetterHudModule,85.40,85.40,candidate,,getAnimateChat | getAnimateHotbar | getSmoothTab | getTabProgress | setTabProgress,
oxxxde/ذح,kotakbaz/rain/client/render/texture/loader/B,-0.35,0.00,candidate,,,
oxxxde/ذخ,kotakbaz/rain/client/listener/listeners/RenderListener,166.81,158.00,candidate,,beginFramePipelines | endFramePipelines | ensureLoaded | flushFramePipelines | getLoaded | hookRender | init | registerShaderLib | registerShaderLibs | setLoaded,
oxxxde/ذد,kotakbaz/rain/client/render/texture/utils/gif/a,0.00,0.00,candidate,,,
oxxxde/ذذ,kotakbaz/rain/client/render/main/builders/a,71.56,19.31,candidate,,build | library | name | sampler | uniform,
oxxxde/ذر,kotakbaz/rain/client/util/render/RenderUtils,105.66,105.66,candidate,,getADVANCED_RECT | getBASIC_RECT | getBLURRED_RECT | getDISPATCHER | getKAWASE | getTEXTURE_RECT,
oxxxde/ذز,kotakbaz/rain/ui/mainmenu/RainMainMenuScreen$render$transition$1,65.10,0.00,candidate,standardDecelerate | standardDecelerate(F)F,,
oxxxde/ذس,kotakbaz/rain/ui/menu/settings/impl/BooleanSettingComponent,55.51,15.75,candidate,,getComponentHeight | onMouseClick | render,componentHeight | toggleAnim
oxxxde/ذش,kotakbaz/rain/ui/mainmenu/RainMainMenuScreen$render$transition$1,65.10,0.00,candidate,standardDecelerate | standardDecelerate(F)F,,
oxxxde/ذص,kotakbaz/rain/client/render/texture/builder/A,33.89,23.66,candidate,,getDelay | getTextures,
oxxxde/ذض,kotakbaz/rain/module/modules/render/HitParticlesModule,27.55,1.60,candidate,,onDisable | onEnable | onRender3D,
oxxxde/ذع,kotakbaz/rain/client/util/other/a,0.00,0.35,candidate,,,
oxxxde/ذغ,kotakbaz/rain/ui/mainmenu/RainMainMenuScreen$render$transition$1,65.10,0.00,candidate,standardDecelerate | standardDecelerate(F)F,,
oxxxde/ذك,kotakbaz/rain/module/modules/player/ShiftTapModule,70.18,32.42,candidate,,applySneakState | onAttack | onDisable | onEnable | onUpdate | resetState,
oxxxde/ذل,kotakbaz/rain/module/modules/hud/container/Data,0.00,0.00,candidate,,,
oxxxde/ذن,kotakbaz/rain/client/render/texture/builder/b,108.07,74.52,candidate,,getColorMode | getFiltering | getHeight | getPixels | getWidth | getWrapping | isUsingStb,
oxxxde/ذه,kotakbaz/rain/client/render/texture/loader/B,0.00,0.00,candidate,,,
oxxxde/ذً,kotakbaz/rain/module/modules/hud/CoordinatesHudModule,65.59,24.28,candidate,,centeredTopOffset | drawDivider | onDisable | onOverlayRender | renderHud,
oxxxde/ذٌ,kotakbaz/rain/event/types/Event,14.61,14.61,candidate,,put,
oxxxde/ذٍ,kotakbaz/rain/ui/mainmenu/RainMainMenuScreen$render$transition$1,65.10,0.00,candidate,standardDecelerate | standardDecelerate(F)F,,
oxxxde/ذَ,kotakbaz/rain/client/render/texture/B,61.81,30.05,candidate,,addTexture | getTexture | register | removeTexture,
oxxxde/ذِ,kotakbaz/rain/module/modules/hud/CoordinatesHudModule,3.93,0.45,candidate,,onDisable,
oxxxde/ذّ,kotakbaz/rain/module/modules/hud/h,12.01,2.65,candidate,,compare,
oxxxde/ر,kotakbaz/rain/client/render/texture/builder/B,88.77,52.13,candidate,,build | builder | checkArguments | decompileMode | loader | name,
oxxxde/رء,kotakbaz/rain/module/modules/hud/container/HudModule$renderContainer$panelWidth$1,104.61,0.00,candidate,standardAccelerate | standardAccelerate(F)F,,
oxxxde/رآ,kotakbaz/rain/client/render/main/a,50.18,50.18,candidate,,bindFrameBuffer | getFrameBufferId | validateFrameBufferTexture,
oxxxde/رؤ,kotakbaz/rain/client/draggable/DraggableManager,0.00,0.00,candidate,,,
oxxxde/رإ,kotakbaz/rain/module/modules/render/HitColorModule,144.47,87.95,candidate,,clearState | clearState$default | damageProgress | getColor | isSmoothEnabled | onDisable | onEnable | resolveOverlay | shouldColorArmor | updateDamageAnimation,
oxxxde/رئ,kotakbaz/rain/client/render/texture/utils/gif/a,0.00,0.00,candidate,,,
oxxxde/را,kotakbaz/rain/ui/menu/MenuStyle,11.98,12.33,candidate,,icon,
oxxxde/رب,kotakbaz/rain/client/render/texture/loader/B,-0.35,0.00,candidate,,,
oxxxde/رة,kotakbaz/rain/client/draggable/DraggableManager,0.00,0.00,candidate,,,
oxxxde/رث,kotakbaz/rain/ui/mainmenu/RainMainMenuScreen$render$transition$1,65.10,0.00,candidate,standardDecelerate | standardDecelerate(F)F,,
oxxxde/رج,kotakbaz/rain/module/modules/player/ShiftTapModule,15.46,1.60,candidate,,onDisable | onEnable,
oxxxde/رح,kotakbaz/rain/client/draggable/DraggableManager,0.00,0.00,candidate,,,
oxxxde/رد,kotakbaz/rain/ui/mainmenu/RainMainMenuScreen$render$transition$1,65.10,0.00,candidate,standardDecelerate | standardDecelerate(F)F,,
oxxxde/رر,kotakbaz/rain/client/render/main/program/shader/A,87.32,58.46,candidate,,getCompileResult | getContent | getExtraUniforms | getId | getName | getShaderType,
oxxxde/رز,kotakbaz/rain/module/modules/render/ModuleTimeChanger,16.81,17.51,candidate,,modifyTime,
oxxxde/رس,kotakbaz/rain/ui/menu/PointsCategoryComponent$WhenMappings,0.00,0.00,candidate,,,
oxxxde/رش,kotakbaz/rain/module/modules/player/SoundsControllerModule,115.48,104.61,candidate,,getVolumeMultiplier | isExpBottleSound | isFireworkSound | isTridentReturnSound | normalize | normalizedKeys | shouldMutePlayback,
oxxxde/رط,kotakbaz/rain/client/draggable/D,20.62,9.26,candidate,,load | save,
oxxxde/رظ,kotakbaz/rain/event/EventManager,45.26,32.27,candidate,,post | register | unregister,
oxxxde/رع,kotakbaz/rain/client/render/texture/builder/A,0.00,0.00,candidate,,,
oxxxde/رغ,kotakbaz/rain/guard/a,61.13,1.20,candidate,admin,,
oxxxde/رق,kotakbaz/rain/ui/menu/MenuStyle,-0.35,0.35,candidate,,,
oxxxde/رل,kotakbaz/rain/friend/c,50.60,0.00,candidate,,$values | getEntries | valueOf | values,$ENTRIES | $VALUES
oxxxde/رم,kotakbaz/rain/client/render/main/scissor/A,155.21,126.97,accepted,x;y;width;height,height | intersection | width | x | y,
oxxxde/ره,kotakbaz/rain/client/render/main/program/uniform/uniforms/c,11.55,0.00,candidate,,upload,
oxxxde/رو,kotakbaz/rain/module/modules/hud/container/Data,0.00,0.00,candidate,,,
oxxxde/رٌ,kotakbaz/rain/Rain,60.13,60.48,accepted,AutoLoad,,
oxxxde/رَ,kotakbaz/rain/ui/mainmenu/RainMainMenuScreen$Link,49.38,1.60,candidate,icon,,
oxxxde/رِ,kotakbaz/rain/ui/menu/PointsCategoryComponent,1462.34,867.13,candidate,,actionButtonBounds | appendKeyName | appendToField | appendToWaypointRename | canCreateWaypoint | canRenameWaypoint | cancelWaypointRename | clearInputFocus | contentArea | contentHeight | createButtonBounds | createWaypoint,actionButtonSize | cachedTotalHeight | cachedViewHeight | contentTopOffset | coordinateFieldMaxLength | createButtonWidth | deleteHoverAnimation | focusedField | footerReservedHeight | inputHeight | lastRenameInputWidth | lastRenameMaxInputWidth
oxxxde/رّ,kotakbaz/rain/client/render/texture/loader/d,0.00,0.00,candidate,,,
oxxxde/زء,kotakbaz/rain/module/modules/render/ViewModelModule,-0.35,0.55,candidate,,,
oxxxde/زآ,kotakbaz/rain/client/render/texture/texture/B,32.21,0.00,candidate,,$values | valueOf | values,$VALUES
oxxxde/زأ,kotakbaz/rain/module/modules/render/ZoomModule,17.41,2.80,candidate,,onDisable | onEnable,
oxxxde/زؤ,kotakbaz/rain/ui/mainmenu/RainMainMenuScreen$render$transition$1,65.10,0.00,candidate,standardDecelerate | standardDecelerate(F)F,,
oxxxde/زإ,kotakbaz/rain/client/render/main/compile/A,0.00,0.35,candidate,,,
oxxxde/زئ,kotakbaz/rain/ui/mainmenu/RainMainMenuScreen$render$transition$1,65.10,0.00,candidate,standardDecelerate | standardDecelerate(F)F,,
oxxxde/زا,kotakbaz/rain/ui/mainmenu/RainMainMenuScreen$render$transition$1,65.10,0.00,candidate,standardDecelerate | standardDecelerate(F)F,,
oxxxde/زب,kotakbaz/rain/module/modules/player/TotemTrackerModule,155.20,115.42,candidate,,activeTarget | cacheTarget | heldTotem | isUsableTarget | onAttack | onDisable | onEnable | onTotemPop | onUpdate | resetCache | syncCachedTargetState,
oxxxde/زة,kotakbaz/rain/ui/mainmenu/RainMainMenuScreen$render$transition$1,65.10,0.00,candidate,standardDecelerate | standardDecelerate(F)F,,
oxxxde/زت,kotakbaz/rain/module/modules/render/NameTagsModule,31.77,31.77,candidate,,getAddShadow | getRemoveBackground,
oxxxde/زث,kotakbaz/rain/client/extensions/A,31.77,31.77,candidate,,getCLIENT_ID | getCLIENT_NAME,
oxxxde/زح,kotakbaz/rain/module/modules/hud/container/Data,0.00,0.00,candidate,,,
oxxxde/زخ,kotakbaz/rain/client/interfaces/ICustomScreen,27.04,1.35,candidate,,init | shouldRemove,
oxxxde/زد,kotakbaz/rain/client/sound/RainSoundEvents,169.28,157.19,candidate,,getBELL | getBONK | getBUBBLE | getMODULE_DISABLE | getMODULE_ENABLE | getPOP | getSLIDER | getUWU | getVK | register,
oxxxde/زذ,kotakbaz/rain/client/render/texture/utils/a,118.02,109.91,candidate,,getAlpha | getBlue | getGreen | getRed | readChannel | readStream | tryGenerate,
oxxxde/زر,kotakbaz/rain/client/interfaces/C,57.56,2.25,candidate,,onKeyPress | onMouseClick | onMouseRelease | onMouseScroll | render,
oxxxde/زز,kotakbaz/rain/client/render/main/D,28.23,4.90,candidate,,bind | unbind,
oxxxde/زس,kotakbaz/rain/client/render/texture/loader/c,35.22,35.22,candidate,,getPath | getPathMode,
oxxxde/زض,kotakbaz/rain/client/draggable/DraggableManager,0.00,0.00,candidate,,,
oxxxde/زط,kotakbaz/rain/client/render/texture/utils/gif/a,0.00,0.00,candidate,,,
oxxxde/زظ,kotakbaz/rain/client/render/texture/loader/B,-0.35,0.00,candidate,,,
oxxxde/زف,kotakbaz/rain/client/render/texture/utils/gif/common/a,69.19,69.19,candidate,,computeUpdatedPixels | readMultiByteInteger | staggeredReadByteStream | tryReadFully,
oxxxde/زق,kotakbaz/rain/client/render/texture/loader/B,-0.35,0.00,candidate,,,
oxxxde/زك,kotakbaz/rain/ui/mainmenu/RainMainMenuScreen$Btn,118.96,47.47,accepted,WHITE | icon,getIcon,icon
oxxxde/زل,kotakbaz/rain/client/util/other/a,13.71,13.71,candidate,,fromAssets,
oxxxde/زم,kotakbaz/rain/client/render/texture/loader/d,0.00,0.00,candidate,,,
oxxxde/زن,kotakbaz/rain/client/render/texture/utils/gif/a,0.00,0.00,candidate,,,
oxxxde/زو,kotakbaz/rain/friend/c,49.90,0.00,candidate,,$values | getEntries | valueOf | values,$ENTRIES | $VALUES
oxxxde/زي,kotakbaz/rain/module/modules/hud/container/HudModule$renderContainer$panelWidth$1,104.61,0.00,candidate,standardAccelerate | standardAccelerate(F)F,,
oxxxde/زٌ,kotakbaz/rain/client/render/texture/loader/B,10.64,0.00,candidate,,load,
oxxxde/زٍ,kotakbaz/rain/client/render/texture/loader/d,10.64,0.00,candidate,,load,
oxxxde/زَ,kotakbaz/rain/ui/transition/ScreenTransition,76.44,68.26,candidate,,fadeIn | render,DURATION_MS | MAX_ALPHA | active | startMs
oxxxde/زُ,kotakbaz/rain/ui/mainmenu/RainMainMenuScreen$render$transition$1,65.10,0.00,candidate,standardDecelerate | standardDecelerate(F)F,,
oxxxde/زِ,kotakbaz/rain/module/modules/hud/container/HudModule$renderContainer$panelWidth$1,104.61,0.00,candidate,standardAccelerate | standardAccelerate(F)F,,
oxxxde/س,kotakbaz/rain/event/types/EventCancellable,0.00,0.35,candidate,,,
oxxxde/سء,kotakbaz/rain/module/modules/render/ModuleColorSaturation,89.25,0.00,candidate,,createPipeline | ensureProcessor | onDisable | releaseEffect | releaseProcessor | renderWorldIfNeeded,
oxxxde/سأ,kotakbaz/rain/ui/menu/settings/BooleanToggleRenderer,22.62,13.63,candidate,,alphaByState | render,
oxxxde/سؤ,kotakbaz/rain/friend/FriendSkinResolver,133.09,123.42,candidate,,clearAll | fetchOnlineUUID | loadSkin | normalize | offlineUUID | requestSkin | resolveTexture | resolveUUID,
oxxxde/سإ,kotakbaz/rain/client/render/texture/loader/d,0.00,0.00,candidate,,,
oxxxde/سب,kotakbaz/rain/module/modules/hud/h,12.01,2.65,candidate,,compare,
oxxxde/ست,kotakbaz/rain/ui/api/PipelineManager$WhenMappings,9.07,0.00,candidate,,,$EnumSwitchMapping$0
oxxxde/سث,kotakbaz/rain/client/render/texture/utils/gif/gif/b,302.07,89.14,accepted,javax_imageio_gif_stream_1.0,getAsTree | getNativeTree | getStandardChromaNode | getStandardCompressionNode | getStandardDataNode | getStandardDimensionNode | getStandardDocumentNode | getStandardTextNode | getStandardTransparencyNode | isReadOnly | mergeNativeTree | mergeStandardTree,
oxxxde/سج,kotakbaz/rain/client/render/texture/loader/B,0.00,0.00,candidate,,,
oxxxde/سد,kotakbaz/rain/client/render/main/builders/b,10.62,0.10,candidate,,name,
oxxxde/سذ,kotakbaz/rain/ui/mainmenu/RainMainMenuScreen$render$transition$1,65.10,0.00,candidate,standardDecelerate | standardDecelerate(F)F,,
oxxxde/سر,kotakbaz/rain/client/ClickGuiSettings,273.97,262.26,candidate,,getOpenKey | getSettings | hudScale | hudScalePercent | hudScalePercentForProgress | hudScaleProgress | renderGuiBackground | scale | scalePercent | scalePercentForProgress | scaleProgress | setHudScalePercent,
oxxxde/سز,kotakbaz/rain/client/render/main/buffer/framebuffer/a,-0.35,0.35,candidate,,,
oxxxde/سس,kotakbaz/rain/client/interfaces/A,27.04,1.35,candidate,,init | shouldRemove,
oxxxde/سش,kotakbaz/rain/module/modules/hud/E,10.50,10.50,candidate,,getValue,
oxxxde/سض,kotakbaz/rain/event/types/EventCancellable,35.22,35.57,candidate,,getCancel | setCancel,
oxxxde/سظ,kotakbaz/rain/module/modules/player/AutoEatModule,198.85,158.04,candidate,,canEat | findFoodSlot | isActiveEating | maintainEating | onDisable | onEnable | onUpdate | resetState | selectSlot | shouldAbort | shouldEat | startEating,
oxxxde/سغ,kotakbaz/rain/client/render/main/vertex/a,49.82,16.81,candidate,,$values | smallestFor | valueOf | values,$VALUES
oxxxde/سف,kotakbaz/rain/ui/mainmenu/RainMainMenuScreen$render$transition$1,65.10,0.00,candidate,standardDecelerate | standardDecelerate(F)F,,
oxxxde/سك,kotakbaz/rain/ui/mainmenu/RainMainMenuScreen$render$transition$1,65.10,0.00,candidate,standardDecelerate | standardDecelerate(F)F,,
oxxxde/سم,kotakbaz/rain/ui/mainmenu/RainMainMenuScreen$render$transition$1,65.10,0.00,candidate,standardDecelerate | standardDecelerate(F)F,,
oxxxde/سن,kotakbaz/rain/client/util/other/ReplaceUtil,50.53,13.90,candidate,,appendReplaced | replace | replaceSymbols,
oxxxde/سه,kotakbaz/rain/module/modules/player/AutoRespawnModule,7.66,0.35,candidate,,onUpdate,
oxxxde/سو,kotakbaz/rain/ui/mainmenu/RainMainMenuScreen$render$transition$1,65.10,0.00,candidate,standardDecelerate | standardDecelerate(F)F,,
oxxxde/سي,kotakbaz/rain/client/util/render/engine/A,52.83,52.83,candidate,,getSHADER_CORE_PATH | getSHADER_INCLUDE_PATH | getSHADER_PATH,
oxxxde/سً,kotakbaz/rain/ui/mainmenu/RainMainMenuScreen$Link,34.93,3.16,candidate,text,,
oxxxde/سٌ,kotakbaz/rain/module/modules/render/HitBubblesModule,180.94,111.62,candidate,,clearState | computeAlpha | computeRotationProgress | expoIn | expoOut | onAttack | onDisable | onEnable | onRender3D | onUpdate | randomRange | renderParticle,
oxxxde/سٍ,kotakbaz/rain/module/modules/hud/h,12.36,2.65,candidate,,compare,
oxxxde/سَ,kotakbaz/rain/module/modules/hud/B,27.41,16.36,candidate,,getRemainingTicks | getStack,
oxxxde/سُ,kotakbaz/rain/client/render/texture/utils/gif/a,0.00,0.00,candidate,,,
oxxxde/سِ,kotakbaz/rain/ui/mainmenu/RainMainMenuScreen$Link,91.02,62.27,accepted,icon | text,,
oxxxde/سّ,kotakbaz/rain/module/modules/hud/h,12.01,2.65,candidate,,compare,
oxxxde/سْ,kotakbaz/rain/ui/mainmenu/RainMainMenuScreen$render$transition$1,65.10,0.00,candidate,standardDecelerate | standardDecelerate(F)F,,
oxxxde/ش,kotakbaz/rain/ui/mainmenu/RainMainMenuScreen$render$transition$1,65.10,0.00,candidate,standardDecelerate | standardDecelerate(F)F,,
oxxxde/شء,kotakbaz/rain/client/util/render/font/b,0.00,0.45,candidate,,,
oxxxde/شآ,kotakbaz/rain/client/render/main/vertex/A,20.61,3.50,candidate,,lambda$static$0 | lambda$static$1,
oxxxde/شأ,kotakbaz/rain/client/render/texture/a,67.79,35.22,candidate,,addTexture | getGlController | removeTexture | setGlController,
oxxxde/شؤ,kotakbaz/rain/client/render/texture/loader/d,0.00,0.00,candidate,,,
oxxxde/شإ,kotakbaz/rain/ui/mainmenu/RainMainMenuScreen$render$transition$1,65.10,0.00,candidate,standardDecelerate | standardDecelerate(F)F,,
oxxxde/شئ,kotakbaz/rain/client/render/main/exceptions/a,16.51,16.51,candidate,,getDetails,
oxxxde/شا,kotakbaz/rain/module/modules/player/PasHiderModule,172.65,172.65,candidate,,findNextCommandStart | findSensitiveRanges | getCommandLength | isRegisterCommand | isSensitivePrefix | maskForHistory | maskIfSensitive | maskSensitive | restoreOriginalIfMasked | shouldMask,
oxxxde/شب,kotakbaz/rain/client/render/texture/utils/gif/a,0.00,0.00,candidate,,,
oxxxde/شت,kotakbaz/rain/ui/mainmenu/RainMainMenuScreen$render$transition$1,65.10,0.00,candidate,standardDecelerate | standardDecelerate(F)F,,
oxxxde/شج,kotakbaz/rain/ui/menu/FriendsCategoryComponent,93.42,11.05,candidate,,iconsPipeline | isShiftDown | onKeyPress | onMouseClick | onMouseScroll | rectPipeline | render | renderEmptyState | textPipeline,
oxxxde/شح,kotakbaz/rain/module/modules/render/JumpCircleModule,154.27,119.85,candidate,,dieDurationMillis | lifeTimeMillis | onDisable | onJump | onPlayerUpdate | onRender3D | renderCircle | selectedTexture | spawnCircle | spawnDurationMillis,
oxxxde/شز,kotakbaz/rain/module/modules/render/ZoomModule,313.51,285.72,candidate,,adjustMouseSensitivity | getMouseTransform | getRenderTransform | handleMouseScroll | interpolator | isBindPressedNow | isKeyPressed | maxScreenZoomValue | maxZoomValue | minZoom | modifyFov | nudge,
oxxxde/شس,kotakbaz/rain/client/util/render/TextureLoader,39.03,25.60,candidate,,load | loadSingle | register,
oxxxde/شش,kotakbaz/rain/ui/mainmenu/RainMainMenuScreen$render$transition$1,65.10,0.00,candidate,standardDecelerate | standardDecelerate(F)F,,
oxxxde/شص,kotakbaz/rain/module/modules/render/NoFluidModule,84.60,84.60,candidate,,getLava | getWater | shouldClearLavaFog | shouldClearWaterFog | shouldClearWaterOverlay,
oxxxde/شظ,kotakbaz/rain/client/draggable/DraggableManager,0.00,0.00,candidate,,,
oxxxde/شع,kotakbaz/rain/ui/mainmenu/RainMainMenuScreen$render$transition$1,65.10,0.00,candidate,standardDecelerate | standardDecelerate(F)F,,
oxxxde/شغ,kotakbaz/rain/client/draggable/D,19.57,7.81,candidate,,load | save,
oxxxde/شك,kotakbaz/rain/module/modules/player/CrosshairHpModule,95.05,66.57,candidate,,healthFormatting | isUsableTarget | onAttack | onDisable | render | renderIndicator | timeSinceLastAttack,
oxxxde/شن,kotakbaz/rain/client/render/texture/loader/d,0.00,0.00,candidate,,,
oxxxde/شه,kotakbaz/rain/client/render/main/A,15.41,6.15,candidate,,getCompileResult,
oxxxde/شو,kotakbaz/rain/client/render/texture/loader/C,-0.35,0.35,candidate,,,
oxxxde/شي,kotakbaz/rain/ui/mainmenu/RainMainMenuScreen$render$transition$1,65.10,0.00,candidate,standardDecelerate | standardDecelerate(F)F,,
oxxxde/شٌ,kotakbaz/rain/client/render/texture/loader/B,-0.35,0.00,candidate,,,
oxxxde/شٍ,kotakbaz/rain/module/ModuleManager,0.00,0.00,candidate,,,
oxxxde/شَ,kotakbaz/rain/client/render/main/vertex/format/uploader/b,32.22,32.22,candidate,,createFormatUploader | uploadFormatToBuffer,
oxxxde/شّ,kotakbaz/rain/client/interfaces/IState,45.15,45.15,candidate,,isEnabled | setEnabled | toggle,
oxxxde/شْ,kotakbaz/rain/friend/FriendSkinResolver,7.21,1.20,candidate,,normalize,
oxxxde/ص,kotakbaz/rain/ui/mainmenu/RainMainMenuScreen$render$transition$1,65.10,0.00,candidate,standardDecelerate | standardDecelerate(F)F,,
oxxxde/صء,kotakbaz/rain/client/render/texture/loader/d,0.00,0.00,candidate,,,
oxxxde/صآ,kotakbaz/rain/client/render/main/program/uniform/uniforms/c,11.55,0.00,candidate,,upload,
oxxxde/صأ,kotakbaz/rain/client/render/texture/utils/gif/gif/c,186.31,153.43,candidate,,fatal | getAttribute | getBooleanAttribute | getColorTable | getEnumeratedAttribute | getFloatAttribute | getIntAttribute | getStringAttribute | mergeNativeTree | mergeStandardTree | mergeTree,
oxxxde/صإ,kotakbaz/rain/client/render/main/program/uniform/uniforms/c,11.55,0.00,candidate,,upload,
oxxxde/صئ,kotakbaz/rain/client/render/texture/loader/d,0.00,0.00,candidate,,,
oxxxde/صا,kotakbaz/rain/ui/mainmenu/RainMainMenuScreen$render$transition$1,65.10,0.00,candidate,standardDecelerate | standardDecelerate(F)F,,
oxxxde/صب,kotakbaz/rain/module/modules/render/ScoreBoardModule,49.38,49.38,candidate,,getNoNumber | getNoScoreboard | getScoreboardScale,
oxxxde/صت,kotakbaz/rain/client/render/texture/loader/B,-0.35,0.00,candidate,,,
oxxxde/صث,kotakbaz/rain/client/render/texture/loader/d,0.00,0.00,candidate,,,
oxxxde/صج,kotakbaz/rain/client/render/main/program/compile/a,49.82,17.16,candidate,,$values | fromStatusId | valueOf | values,$VALUES
oxxxde/صح,kotakbaz/rain/ui/mainmenu/RainMainMenuScreen$render$transition$1,65.10,0.00,candidate,standardDecelerate | standardDecelerate(F)F,,
oxxxde/صخ,kotakbaz/rain/ui/menu/SelectCategoryComponent,5.17,5.17,candidate,,,category
oxxxde/صد,kotakbaz/rain/client/render/texture/loader/A,24.71,1.25,candidate,,lambda$static$0 | lambda$static$1,
oxxxde/صذ,kotakbaz/rain/ui/api/PipelineManager$WhenMappings,9.07,0.00,candidate,,,$EnumSwitchMapping$0
oxxxde/صر,kotakbaz/rain/client/render/texture/loader/d,0.00,0.00,candidate,,,
oxxxde/صز,kotakbaz/rain/client/render/main/d,14.24,0.00,candidate,,getContent,
oxxxde/صس,kotakbaz/rain/ui/mainmenu/RainMainMenuScreen$render$transition$1,65.10,0.00,candidate,standardDecelerate | standardDecelerate(F)F,,
oxxxde/صش,kotakbaz/rain/ui/mainmenu/RainMainMenuScreen$render$transition$1,65.10,0.00,candidate,standardDecelerate | standardDecelerate(F)F,,
oxxxde/صص,kotakbaz/rain/client/render/texture/controller/a,-0.45,0.45,candidate,,,
oxxxde/صط,kotakbaz/rain/client/render/texture/utils/gif/a,0.00,0.00,candidate,,,
oxxxde/صع,kotakbaz/rain/ui/mainmenu/RainMainMenuScreen$render$transition$1,65.10,0.00,candidate,standardDecelerate | standardDecelerate(F)F,,
oxxxde/صف,kotakbaz/rain/client/render/texture/utils/gif/a,0.00,0.00,candidate,,,
oxxxde/صل,kotakbaz/rain/client/render/main/ChromaRenderer,8.65,9.05,candidate,,lambda$static$0,
oxxxde/صم,kotakbaz/rain/ui/mainmenu/RainMainMenuScreen$render$transition$1,65.10,0.00,candidate,standardDecelerate | standardDecelerate(F)F,,
oxxxde/صو,kotakbaz/rain/client/render/texture/loader/d,0.00,0.00,candidate,,,
oxxxde/صي,kotakbaz/rain/client/render/main/blend/a,-6.25,0.35,candidate,,,
oxxxde/صً,kotakbaz/rain/client/render/hitcolor/A,17.61,17.61,candidate,,rain$setOverlayCoords,
oxxxde/صٍ,kotakbaz/rain/client/render/main/program/uniform/uniforms/c,11.55,0.00,candidate,,upload,
oxxxde/صَ,kotakbaz/rain/module/modules/player/TapeMouseModule,34.85,19.51,candidate,,onEnable | onUpdate | shouldClickNow,
oxxxde/صُ,kotakbaz/rain/client/draggable/DraggableManager,0.00,0.00,candidate,,,
oxxxde/صِ,kotakbaz/rain/module/modules/render/RenderTweaksModule,155.04,155.04,candidate,,getHideMobs | getNoBlackHearts | getNoBossBar | getNoFire | getNoGlow | getNoHurtCam | getNoStatusEffects | getNoTotemAnimation | getRemoveVignette,
oxxxde/صّ,kotakbaz/rain/client/render/texture/utils/gif/a,0.00,0.00,candidate,,,
oxxxde/صْ,kotakbaz/rain/client/render/main/buffer/A,34.31,1.05,candidate,,$values | valueOf | values,$VALUES
oxxxde/ضء,kotakbaz/rain/client/render/texture/loader/d,0.00,0.00,candidate,,,
oxxxde/ضأ,kotakbaz/rain/client/render/texture/loader/C,-0.45,0.25,candidate,,,
oxxxde/ضؤ,kotakbaz/rain/client/render/main/d,14.24,0.00,candidate,,getContent,
oxxxde/ضئ,kotakbaz/rain/client/render/main/program/uniform/uniforms/A,10.30,0.00,candidate,,upload,
oxxxde/ضا,kotakbaz/rain/client/render/main/builders/A,0.00,0.35,candidate,,,
oxxxde/ضة,kotakbaz/rain/client/draggable/DraggableManager,0.00,0.00,candidate,,,
oxxxde/ضت,kotakbaz/rain/module/modules/render/WayPointModule,749.73,746.22,accepted,Event | event delay,applyLegacyBindIfNeeded | buildEventDelayRequestContextKey | buildFunTimeSessionKey | canBind | canToggle | clearEventDelayContext | clearExpiredEventDelayState | clearForServerContextSwitch | clearScheduledEventDelayRequest | extractAnarchyNumber | extractEventCoordinates | extractEventName,
oxxxde/ضث,kotakbaz/rain/friend/c,51.65,0.00,candidate,,$values | getEntries | valueOf | values,$ENTRIES | $VALUES
oxxxde/ضح,kotakbaz/rain/client/render/texture/utils/gif/a,0.00,0.00,candidate,,,
oxxxde/ضخ,kotakbaz/rain/module/modules/hud/b,10.41,0.59,candidate,,getCenterX,
oxxxde/ضد,kotakbaz/rain/client/render/main/C,38.77,14.96,candidate,,drawIndexed | lambda$static$0 | lambda$static$1,
oxxxde/ضذ,kotakbaz/rain/client/render/hitcolor/a,35.22,35.22,candidate,,rain$getEntityId | rain$setEntityId,
oxxxde/ضز,kotakbaz/rain/ui/menu/ConfigsCategoryComponent,345.98,12.66,candidate,,contentArea | contentHeight | iconsPipeline | insideContent | onKeyPress | onMouseClick | onMouseRelease | onMouseScroll | rectPipeline | render | resetScroll | scrollContentHeight,cachedTotalHeight | cachedViewHeight | configEntries | configStateVersion | configs | contentTopOffset | panelWidth | scroll
oxxxde/ضس,kotakbaz/rain/ui/mainmenu/RainMainMenuScreen$render$transition$1,65.10,0.00,candidate,standardDecelerate | standardDecelerate(F)F,,
oxxxde/ضش,kotakbaz/rain/ui/transition/ScreenTransition,18.57,3.77,candidate,,render,active
oxxxde/ضص,kotakbaz/rain/ui/mainmenu/RainMainMenuScreen$render$transition$1,65.10,0.00,candidate,standardDecelerate | standardDecelerate(F)F,,
oxxxde/ضض,kotakbaz/rain/ui/mainmenu/RainMainMenuScreen$render$transition$1,65.10,0.00,candidate,standardDecelerate | standardDecelerate(F)F,,
oxxxde/ضط,kotakbaz/rain/client/render/main/program/uniform/uniforms/c,11.55,0.00,candidate,,upload,
oxxxde/ضظ,kotakbaz/rain/ui/mainmenu/RainMainMenuScreen$render$transition$1,65.10,0.00,candidate,standardDecelerate | standardDecelerate(F)F,,
oxxxde/ضع,kotakbaz/rain/module/modules/render/HitWavesModule,193.71,138.06,candidate,,addBoxVertices | addVertex | collectSurfaceBlocks | computeAlphaForBlock | drawSolidBox | drawWireframeBox | isSurfaceBlock | onAttack | onDisable | onEnable | onRender3D | selectedColor,
oxxxde/ضف,kotakbaz/rain/client/render/texture/utils/gif/a,0.00,0.00,candidate,,,
oxxxde/ضق,kotakbaz/rain/module/modules/render/HitParticlesModule,29.62,0.20,candidate,,onAttack | onDisable | onEnable,
oxxxde/ضك,kotakbaz/rain/client/extensions/b,64.74,64.74,candidate,,getInteractionManager | getMc | getPlayer | getWorld,
oxxxde/ضل,kotakbaz/rain/client/draggable/c,7.46,7.91,candidate,,onClick,
oxxxde/ضم,kotakbaz/rain/client/render/main/program/uniform/uniforms/c,11.55,0.00,candidate,,upload,
oxxxde/ضن,kotakbaz/rain/client/draggable/DraggableManager,0.00,0.00,candidate,,,
oxxxde/ضه,kotakbaz/rain/client/util/other/ServerUtil,85.50,85.85,candidate,,hasActiveWorld | isCurrentServerMatching | isFunTime | isFunTimeContext | isSingleplayer,
oxxxde/ضو,kotakbaz/rain/client/render/texture/texture/B,32.21,0.00,candidate,,$values | valueOf | values,$VALUES
oxxxde/ضي,kotakbaz/rain/event/types/EventCancellable,0.00,0.35,candidate,,,
oxxxde/ضً,kotakbaz/rain/ui/mainmenu/RainMainMenuScreen$render$transition$1,65.10,0.00,candidate,standardDecelerate | standardDecelerate(F)F,,
oxxxde/ضٍ,kotakbaz/rain/client/render/texture/builder/b,18.67,1.55,candidate,,getHeight | getWidth,
oxxxde/ضَ,kotakbaz/rain/ui/menu/settings/impl/SliderSettingComponent$render$progress$1,-0.35,0.00,candidate,,,
oxxxde/ضُ,kotakbaz/rain/client/render/texture/loader/A,69.24,7.30,candidate,,lambda$static$0 | lambda$static$1 | lambda$static$2 | lambda$static$3 | lambda$static$4,
oxxxde/ضّ,kotakbaz/rain/client/render/texture/controller/A,113.99,2.40,candidate,,bindTexture | deleteTexture | genTexId | pixelStore | texImage2D | texParameter | texSubImage2D,
oxxxde/ضْ,kotakbaz/rain/ui/mainmenu/RainMainMenuScreen$render$transition$1,65.10,0.00,candidate,standardDecelerate | standardDecelerate(F)F,,
oxxxde/طؤ,kotakbaz/rain/client/render/main/vertex/format/A,115.74,107.63,accepted,glId;vertexFormat;buffer,buffer | glId | vertexFormat,
oxxxde/طئ,kotakbaz/rain/module/ModuleManager,0.00,0.00,candidate,,,
oxxxde/طا,kotakbaz/rain/ui/menu/render/MenuTopBarRenderer,55.04,34.32,candidate,,render | renderCategorySection | renderSearchSection,pipelines
oxxxde/طة,kotakbaz/rain/guard/anchor/a,0.00,0.00,candidate,,,
oxxxde/طت,kotakbaz/rain/client/render/texture/utils/gif/a,0.00,0.00,candidate,,,
oxxxde/طث,kotakbaz/rain/module/modules/render/L,59.35,32.48,candidate,,color | light | normal | overlay | texture | vertex,
oxxxde/طح,kotakbaz/rain/ui/mainmenu/RainMainMenuScreen$render$transition$1,65.10,0.00,candidate,standardDecelerate | standardDecelerate(F)F,,
oxxxde/طخ,kotakbaz/rain/ui/menu/settings/impl/SliderSettingComponent,129.12,85.26,candidate,,getComponentHeight | isLeftMousePressed | onMouseClick | onMouseRelease | render | updateFromMouse,componentHeight | dragging | progressAnim | valueFormat
oxxxde/طذ,kotakbaz/rain/client/render/main/builders/A,27.59,13.78,candidate,,build | element,
oxxxde/طر,kotakbaz/rain/client/util/render/world/CustomHitBoxRenderer,14.01,4.67,candidate,,emitLine,
oxxxde/طز,kotakbaz/rain/client/render/texture/utils/gif/A,0.00,0.45,candidate,,,
oxxxde/طش,kotakbaz/rain/client/render/main/program/uniform/uniforms/buffer/A,117.81,79.99,accepted,uploadConsumer,lambda$static$0 | lambda$static$1 | lambda$static$2 | uploadConsumer,
oxxxde/طض,kotakbaz/rain/ui/mainmenu/RainMainMenuScreen$render$transition$1,65.10,0.00,candidate,standardDecelerate | standardDecelerate(F)F,,
oxxxde/طط,kotakbaz/rain/client/render/texture/utils/gif/a,0.00,0.00,candidate,,,
oxxxde/طع,kotakbaz/rain/client/render/texture/texture/B,32.56,0.00,candidate,,$values | valueOf | values,$VALUES
oxxxde/طغ,kotakbaz/rain/module/modules/hud/container/HudStyle,220.28,207.37,candidate,,getHEADER_COLOR | getICON_COLOR | getPANEL_COLOR | getTITLE_COLOR | getVALUE_COLOR | headerTextSize | margin | rowDividerWidth | rowLeadingGap | rowLeadingSize | rowTextSize | scale,
oxxxde/طق,kotakbaz/rain/module/modules/render/J,-3.30,2.90,candidate,,,
oxxxde/طك,kotakbaz/rain/ui/menu/EventsCategoryComponent,506.63,128.70,candidate,,buttonIndex | buttonLayout | contentArea | footerArea | iconsPipeline | inside | listArea | onMouseClick | onMouseScroll | rectPipeline | render | renderButton,buttonGap | buttonHeight | cachedTotalHeight | cachedViewHeight | contentTopOffset | filters | footerHeight | hoverScrollDurationMs | panelWidth | returnScrollDurationMs | scratchPos | scroll
oxxxde/طل,kotakbaz/rain/ui/menu/FriendsCategoryComponent,1039.81,443.85,candidate,,appendFriendName | canAddFriend | clearInputFocus | contentArea | contentHeight | createButtonBounds | createFriend | deleteAreaX | deleteIconX | drawSkinHeadPart | filteredFriends | footerArea,badgeSize | cachedTotalHeight | cachedViewHeight | columns | contentTopOffset | createButtonWidth | deleteHoverAnimations | footerReservedHeight | friendNameText | headOverlayU1 | headOverlayU2 | headOverlayV1
oxxxde/طم,kotakbaz/rain/ui/mainmenu/RainMainMenuScreen$render$transition$1,65.10,0.00,candidate,standardDecelerate | standardDecelerate(F)F,,
oxxxde/طه,kotakbaz/rain/ui/api/PipelineManager$WhenMappings,9.07,0.00,candidate,,,$EnumSwitchMapping$0
oxxxde/طو,kotakbaz/rain/ui/mainmenu/RainMainMenuScreen$render$transition$1,65.10,0.00,candidate,standardDecelerate | standardDecelerate(F)F,,
oxxxde/طي,kotakbaz/rain/client/render/main/program/uniform/A,57.78,46.24,candidate,,getLocation | getName | getProgram | upload,
oxxxde/طٌ,kotakbaz/rain/ui/api/PipelineManager$WhenMappings,9.07,0.00,candidate,,,$EnumSwitchMapping$0
oxxxde/طٍ,kotakbaz/rain/client/util/render/ScissorUtil,8.28,5.13,candidate,,start,
oxxxde/طَ,kotakbaz/rain/client/render/main/program/uniform/uniforms/c,11.55,0.00,candidate,,upload,
oxxxde/طِ,kotakbaz/rain/client/util/other/KeyMappings,132.10,121.07,accepted,None,formatKeyLabel | formatWord | getKey | getKeyLabels,
oxxxde/طّ,kotakbaz/rain/ui/mainmenu/RainMainMenuScreen$render$transition$1,65.10,0.00,candidate,standardDecelerate | standardDecelerate(F)F,,
oxxxde/طْ,kotakbaz/rain/ui/mainmenu/RainMainMenuScreen$render$transition$1,65.10,0.00,candidate,standardDecelerate | standardDecelerate(F)F,,
oxxxde/ظء,kotakbaz/rain/client/util/render/world/CustomHitBoxRenderer,4.86,3.90,candidate,,draw,
oxxxde/ظؤ,kotakbaz/rain/module/modules/render/TargetEspModule,292.77,267.83,candidate,,drawColoredQuad | easeInOutQuad | isRingStyle | isUsableTarget | onAttack | onDisable | onRender3D | onUpdate | renderMarker | renderRing | resetAnimations | resolveLiveTarget,
oxxxde/ظإ,kotakbaz/rain/ui/mainmenu/RainMainMenuScreen$render$transition$1,65.10,0.00,candidate,standardDecelerate | standardDecelerate(F)F,,
oxxxde/ظا,kotakbaz/rain/module/modules/player/AutoSprintModule,24.57,17.16,candidate,,onUpdate | shouldSprint,
oxxxde/ظة,kotakbaz/rain/client/draggable/DraggableManager,0.00,0.00,candidate,,,
oxxxde/ظت,kotakbaz/rain/module/modules/hud/container/C,9.25,1.25,candidate,,getStack,
oxxxde/ظث,kotakbaz/rain/module/modules/render/ClientColorModule,14.16,14.16,candidate,,getClientColor,
oxxxde/ظج,kotakbaz/rain/client/render/main/d,14.24,0.00,candidate,,getContent,
oxxxde/ظح,kotakbaz/rain/client/render/main/buffer/A,33.96,0.35,candidate,,$values | valueOf | values,$VALUES
oxxxde/ظخ,kotakbaz/rain/ui/mainmenu/RainMainMenuScreen$render$transition$1,65.10,0.00,candidate,standardDecelerate | standardDecelerate(F)F,,
oxxxde/ظد,kotakbaz/rain/client/render/main/scissor/a,29.93,26.47,candidate,,pop | push,
oxxxde/ظز,kotakbaz/rain/client/render/texture/utils/gif/a,0.00,0.00,candidate,,,
oxxxde/ظش,kotakbaz/rain/ui/mainmenu/RainMainMenuScreen$render$transition$1,65.10,0.00,candidate,standardDecelerate | standardDecelerate(F)F,,
oxxxde/ظط,kotakbaz/rain/client/render/texture/utils/gif/a,0.00,0.00,candidate,,,
oxxxde/ظظ,kotakbaz/rain/client/render/main/ChromaRenderer,5.10,2.01,candidate,,,initialized
oxxxde/ظع,kotakbaz/rain/ui/api/PipelineManager$WhenMappings,9.07,0.00,candidate,,,$EnumSwitchMapping$0
oxxxde/ظغ,kotakbaz/rain/client/render/texture/utils/gif/gif/a,302.07,264.94,accepted,javax_imageio_gif_image_1.0,getAsTree | getNativeTree | getStandardChromaNode | getStandardCompressionNode | getStandardDataNode | getStandardDimensionNode | getStandardTextNode | getStandardTransparencyNode | isReadOnly | mergeNativeTree | mergeStandardTree | mergeTree,
oxxxde/ظف,kotakbaz/rain/ui/mainmenu/RainMainMenuScreen$render$transition$1,65.10,0.00,candidate,standardDecelerate | standardDecelerate(F)F,,
oxxxde/ظق,kotakbaz/rain/client/render/main/buffer/framebuffer/a,0.00,0.35,candidate,,,
oxxxde/ظك,kotakbaz/rain/client/render/texture/loader/B,-0.35,0.00,candidate,,,
oxxxde/ظن,kotakbaz/rain/client/extensions/a,138.23,138.23,candidate,,getCONFIGS | getCategories | getEVENTS | getFRIENDS | getHUD | getPLAYER | getPOINTS | getRENDER,
oxxxde/ظه,kotakbaz/rain/module/modules/player/AutoReissueModule,218.08,188.76,accepted,хранилище,abortActiveCycle | getBottomRowPenultimateSlot | getBottomRowSecondSlot | getContainerSlotCount | onDisable | onEnable | onUpdate | resetCycle | resolveConfirmSlot | resolveStorageSlot,
oxxxde/ظو,kotakbaz/rain/event/types/EventCancellable,0.00,0.35,candidate,,,
oxxxde/ظً,kotakbaz/rain/module/modules/render/target/TargetTracker,111.70,100.56,candidate,,currentTarget | hoveredPlayer | hoveredTarget | isUsableTarget | liveTarget | track | update,
oxxxde/ظَ,kotakbaz/rain/ui/mainmenu/RainMainMenuScreen$render$transition$1,65.10,0.00,candidate,standardDecelerate | standardDecelerate(F)F,,
oxxxde/ظُ,kotakbaz/rain/client/interfaces/IBindable,42.60,35.15,candidate,,getKey | onKey | setKey,
oxxxde/ظِ,kotakbaz/rain/ui/mainmenu/RainMainMenuScreen$render$transition$1,65.10,0.00,candidate,standardDecelerate | standardDecelerate(F)F,,
oxxxde/ظّ,kotakbaz/rain/client/render/main/builders/b,10.26,1.00,candidate,,uniform,
oxxxde/ظْ,kotakbaz/rain/ui/api/PipelineManager$WhenMappings,9.07,0.00,candidate,,,$EnumSwitchMapping$0
oxxxde/ع,kotakbaz/rain/ui/api/PipelineManager$WhenMappings,9.07,0.00,candidate,,,$EnumSwitchMapping$0
oxxxde/عث,kotakbaz/rain/client/listener/listeners/RestrictionListener,19.52,7.76,candidate,,init | onUpdate,
oxxxde/عج,kotakbaz/rain/module/modules/render/PerspectiveModule,31.80,1.40,candidate,,onDisable | onEnable | resetState,
oxxxde/عح,kotakbaz/rain/client/render/texture/loader/B,0.00,0.00,candidate,,,
oxxxde/عخ,kotakbaz/rain/client/render/texture/loader/d,0.00,0.00,candidate,,,
oxxxde/عد,kotakbaz/rain/command/commands/ConfigCommand,12.51,0.90,candidate,,execute,
oxxxde/عذ,kotakbaz/rain/client/render/texture/utils/gif/a,0.00,0.00,candidate,,,
oxxxde/عز,kotakbaz/rain/client/render/main/ChromaRenderer,14.34,14.69,candidate,,,initialized | logger
oxxxde/ف,kotakbaz/rain/client/liteapi/b,35.22,35.57,candidate,,getCODEC | getID,
oxxxde/ق,kotakbaz/rain/friend/c,50.95,0.00,candidate,,$values | getEntries | valueOf | values,$ENTRIES | $VALUES
oxxxde/ك,kotakbaz/rain/client/render/main/vertex/format/uploader/a,30.82,2.15,candidate,,applyFormatToBuffer | createVertexFormatBuffer,
oxxxde/ل,kotakbaz/rain/client/render/texture/utils/gif/common/a,-0.35,0.00,candidate,,,
oxxxde/م,kotakbaz/rain/client/render/texture/utils/gif/a,0.00,0.00,candidate,,,
oxxxde/ن,kotakbaz/rain/ui/mainmenu/RainMainMenuScreen$render$transition$1,65.10,0.00,candidate,standardDecelerate | standardDecelerate(F)F,,
oxxxde/ه,kotakbaz/rain/client/render/texture/loader/B,10.64,0.00,candidate,,load,
oxxxde/و,kotakbaz/rain/ui/mainmenu/RainMainMenuScreen$render$transition$1,65.10,0.00,candidate,standardDecelerate | standardDecelerate(F)F,,
oxxxde/ي,kotakbaz/rain/module/setting/a,13.71,13.71,candidate,,initialMode,
oxxxde/ً,kotakbaz/rain/ui/mainmenu/RainMainMenuScreen$render$transition$1,65.10,0.00,candidate,standardDecelerate | standardDecelerate(F)F,,
oxxxde/ٌ,kotakbaz/rain/ui/mainmenu/RainMainMenuScreen$render$transition$1,65.10,0.00,candidate,standardDecelerate | standardDecelerate(F)F,,
oxxxde/َ,kotakbaz/rain/client/render/texture/utils/gif/a,0.00,0.00,candidate,,,
oxxxde/ُ,kotakbaz/rain/client/draggable/DraggableManager,0.00,0.00,candidate,,,
oxxxde/ِ,kotakbaz/rain/client/render/main/ChromaRenderer,928.66,924.85,accepted,ChromaRenderer | ModelViewMat | ProjMat | Renderer has already initialized.,applyBlend | applyDefaultBlend | bindFramebuffer | bindMainFramebuffer | borrowMeshBuilder | captureFramebufferState | cleanup | createMesh | createSmallMesh | disableBlend | draw | getBufferCapacity,BUFFER_ALLOCATOR_SIZE_FIELD | BUFFER_POOL | DEFAULT_BUFFER_SIZE | MESH_BUILDER_POOL | SMALL_BUFFER_SIZE | VIEWPORT_BUFFER | bufferIdGetter | bufferPoolHits | bufferPoolMisses | globalProgram | initialized | logger
oxxxde/ْ,kotakbaz/rain/module/modules/render/ModuleColorSaturation,87.40,0.00,candidate,,createPipeline | ensureProcessor | onDisable | releaseEffect | releaseProcessor | renderWorldIfNeeded,
