# physical_name	recovered_original_name	evidence_count
oxxxde/آ	kotakbaz/rain/ui/menu/settings/ModuleSettingComponent	1
oxxxde/إ	kotakbaz/rain/config/ConfigManager$SettingUpdate	2
oxxxde/ئ	kotakbaz/rain/friend/FriendManager$RemoveResult	1
oxxxde/اأ	kotakbaz/rain/module/modules/render/predicts/TrajectoryImpact	5
oxxxde/اب	kotakbaz/rain/module/modules/render/Menu3DModule$Placement	6
oxxxde/اح	kotakbaz/rain/client/util/render/font/FontData	1
oxxxde/اس	kotakbaz/rain/ui/api/PipelinedRender	3
oxxxde/اش	kotakbaz/rain/client/liteapi/HolyWorldFeatureControl$LiteApiPayload	1
oxxxde/اع	kotakbaz/rain/client/notification/RemoteNotificationService$NotificationResponse	3
oxxxde/ال	kotakbaz/rain/client/util/render/font/FontData$AtlasData	4
oxxxde/ان	kotakbaz/rain/client/render/main/vertex/mesh/MeshBuilder	9
oxxxde/اه	kotakbaz/rain/command/Command	1
oxxxde/او	kotakbaz/rain/client/waypoint/WayPointManager$PutResult	1
oxxxde/اْ	kotakbaz/rain/client/util/render/display/KawaseRenderer	2
oxxxde/ب	kotakbaz/rain/config/ConfigManager$RenameResult	1
oxxxde/بء	kotakbaz/rain/ui/menu/MenuScreen$GeneratedConfigKey	1
oxxxde/بئ	kotakbaz/rain/client/util/render/engine/dispatcher/RenderDispatcher	2
oxxxde/بة	kotakbaz/rain/event/events/EntitySubmitEvent	2
oxxxde/بخ	kotakbaz/rain/module/modules/render/predicts/TrajectoryPrediction	2
oxxxde/بغ	kotakbaz/rain/ui/mainmenu/changelog/ChangeLogs	1
oxxxde/بل	kotakbaz/rain/ui/menu/ConfigSettingsPopupBounds	5
oxxxde/به	kotakbaz/rain/client/waypoint/WayPointManager$ScreenPoint	1
oxxxde/بي	kotakbaz/rain/ui/menu/FunTimeEventsApi$CandidateKey	1
oxxxde/تذ	kotakbaz/rain/ui/menu/MenuScreen$AvatarPopupMetrics	9
oxxxde/تز	kotakbaz/rain/event/events/KeyEvent	7
oxxxde/تض	kotakbaz/rain/ui/mainmenu/RainMainMenuScreen$ButtonDef	1
oxxxde/تط	kotakbaz/rain/module/modules/render/JumpCircleModule$Circle	1
oxxxde/تغ	kotakbaz/rain/event/events/ClickSlotEvent	2
oxxxde/تف	kotakbaz/rain/client/waypoint/WayPointManager$WayPoint	9
oxxxde/تك	kotakbaz/rain/ui/menu/PointsCategoryComponent$FieldBounds	2
oxxxde/تم	kotakbaz/rain/client/listener/Listener	1
oxxxde/تن	kotakbaz/rain/ui/menu/FunTimeEventsApi$LiveOverride	1
oxxxde/ته	kotakbaz/rain/client/social/CloudConfigLibrary	1
oxxxde/تِ	kotakbaz/rain/module/modules/hud/container/Data$Second	4
oxxxde/ث	kotakbaz/rain/ui/menu/EventsCategoryComponent$EventFilter	3
oxxxde/ثء	kotakbaz/rain/ui/menu/EventsCategoryComponent$PanelArea	14
oxxxde/ثآ	kotakbaz/rain/event/events/OverlayRenderEvent	10
oxxxde/ثج	kotakbaz/rain/module/modules/player/ItemSwapModule$SwapItem	4
oxxxde/ثح	kotakbaz/rain/ui/menu/FriendsCategoryComponent$PanelArea	12
oxxxde/ثخ	kotakbaz/rain/module/modules/render/HitColorModule$DamageAnimation	1
oxxxde/ثغ	kotakbaz/rain/ui/inventory/InventoryCard	1
oxxxde/ثن	kotakbaz/rain/client/notification/RemoteNotificationService$RemoteNotification	2
oxxxde/ثي	kotakbaz/rain/module/modules/hud/container/Data$Leading$Item	1
oxxxde/جء	kotakbaz/rain/client/util/render/display/BlurredRectRenderer	5
oxxxde/جا	kotakbaz/rain/module/modules/hud/container/Data$Leading$ResourceTexture	1
oxxxde/جب	kotakbaz/rain/client/util/render/display/RectRenderer	1
oxxxde/جة	kotakbaz/rain/ui/menu/misc/AnimatedListTracker$Item	1
oxxxde/جث	kotakbaz/rain/client/util/render/display/TextureRectRenderer	6
oxxxde/جظ	kotakbaz/rain/client/render/main/ChromaRenderer$FramebufferState	2
oxxxde/جع	kotakbaz/rain/client/util/other/CustomScreen	2
oxxxde/جغ	kotakbaz/rain/ui/menu/MenuScreen$AvatarPopupRow	1
oxxxde/جم	kotakbaz/rain/event/events/ItemUseEvent	1
oxxxde/جن	kotakbaz/rain/ui/inventory/FunTimeOnlineHelperController$MenuKind	2
oxxxde/جً	kotakbaz/rain/client/util/render/font/Font	22
oxxxde/جُ	kotakbaz/rain/module/modules/render/Menu3DModule$Ghost	1
oxxxde/جّ	kotakbaz/rain/client/render/main/buffer/framebuffer/CustomFramebuffer	1
oxxxde/ح	kotakbaz/rain/module/modules/render/SoulsModule$Soul	1
oxxxde/حأ	kotakbaz/rain/module/modules/player/FuntimeHelperModule$HeldNameCache	1
oxxxde/حح	kotakbaz/rain/client/waypoint/WayPointManager$RemoveResult	1
oxxxde/حخ	kotakbaz/rain/client/render/main/builders/GlProgramBuilder	1
oxxxde/حض	kotakbaz/rain/ui/menu/ModuleComponent	3
oxxxde/حظ	kotakbaz/rain/ui/mainmenu/changelog/ChangeLogVersion	1
oxxxde/حع	kotakbaz/rain/client/util/render/DeferredGuiIconRenderer$Request	1
oxxxde/حم	kotakbaz/rain/ui/menu/ConfigEntryComponent	1
oxxxde/حه	kotakbaz/rain/module/modules/render/PredictsModule$HeldWeapon	5
oxxxde/حي	kotakbaz/rain/module/modules/render/HitParticlesModule$BurstParticle	5
oxxxde/حٌ	kotakbaz/rain/module/modules/render/ModuleCustomHitBox$DamageAnimation	1
oxxxde/حٍ	kotakbaz/rain/ui/menu/FunTimeEventsApi$LiveCountdown	1
oxxxde/خب	kotakbaz/rain/module/modules/render/BlinkModule$BlinkSnapshot	3
oxxxde/خة	kotakbaz/rain/client/render/main/program/uniform/uniforms/sampler/SamplerUniform	1
oxxxde/خت	kotakbaz/rain/ui/inventory/InventorySorter$Click	3
oxxxde/خذ	kotakbaz/rain/module/setting/settings/BooleanSetting	13
oxxxde/خر	kotakbaz/rain/client/render/main/program/GlProgram	3
oxxxde/خف	kotakbaz/rain/ui/menu/render/MenuScrollBarRenderer$State	2
oxxxde/خٌ	kotakbaz/rain/config/ConfigManager$ParsedConfig	5
oxxxde/خَ	kotakbaz/rain/ui/menu/FunTimeEventsApi$Snapshot	2
oxxxde/دء	kotakbaz/rain/config/ConfigManager$ModuleUpdate	2
oxxxde/دآ	kotakbaz/rain/client/draggable/HudAlignment$Pos	2
oxxxde/دا	kotakbaz/rain/ui/mainmenu/changelog/ChangeLogItem	4
oxxxde/دة	kotakbaz/rain/config/CloudConfigOrigin	10
oxxxde/دث	kotakbaz/rain/module/modules/render/HitBubblesModule$Particle	2
oxxxde/دح	kotakbaz/rain/client/util/render/font/FontData$GlyphData	1
oxxxde/در	kotakbaz/rain/ui/menu/ConfigSettingsPopup	3
oxxxde/دش	kotakbaz/rain/event/events/ChatMessageEvent	4
oxxxde/دص	kotakbaz/rain/config/ConfigManager$CreateResult	1
oxxxde/دض	kotakbaz/rain/module/modules/hud/MediaPlayerInfoModule$HudPosition	1
oxxxde/دغ	kotakbaz/rain/module/modules/hud/container/Data$Leading	5
oxxxde/دك	kotakbaz/rain/ui/menu/FunTimeEventsApi$Candidate	3
oxxxde/دم	kotakbaz/rain/friend/FriendManager$AddResult	1
oxxxde/دي	kotakbaz/rain/ui/inventory/InventoryPreset	5
oxxxde/دِ	kotakbaz/rain/module/Module	21
oxxxde/دْ	kotakbaz/rain/module/modules/render/TrailsModule$TrailPoint	1
oxxxde/ذأ	kotakbaz/rain/ui/menu/ConfigContentArea	11
oxxxde/ذإ	kotakbaz/rain/ui/menu/misc/AnimatedTextTransition$Layer	1
oxxxde/ذث	kotakbaz/rain/ui/api/RenderIn	1
oxxxde/ذط	kotakbaz/rain/module/modules/render/HitParticlesModule$SpawnMotion	2
oxxxde/ذظ	kotakbaz/rain/module/modules/render/predicts/PredictedProjectile	6
oxxxde/ذف	kotakbaz/rain/ui/inventory/FunTimeOnlineHelperController$State	1
oxxxde/ذق	kotakbaz/rain/ui/inventory/FunTimeOnlineHelperController$ServerCandidate	1
oxxxde/ذم	kotakbaz/rain/event/events/AttackEvent	10
oxxxde/ذو	kotakbaz/rain/friend/FriendManager$FriendEntry	6
oxxxde/ذي	kotakbaz/rain/ui/menu/CategoryComponent$ModelCard	2
oxxxde/ذُ	kotakbaz/rain/module/setting/settings/BindSetting	2
oxxxde/ذْ	kotakbaz/rain/module/modules/hud/MediaPlayerInfoModule$Bounds	2
oxxxde/رأ	kotakbaz/rain/event/events/HandSwingEvent	1
oxxxde/رت	kotakbaz/rain/module/setting/settings/ColorSetting	7
oxxxde/رخ	kotakbaz/rain/module/modules/hud/NotifyModule$ModuleStateNotification	3
oxxxde/رذ	kotakbaz/rain/ui/menu/settings/impl/ColorSettingComponent$Layout	2
oxxxde/رص	kotakbaz/rain/client/util/render/engine/controls/RectType	2
oxxxde/رض	kotakbaz/rain/client/draggable/animation/Easing	1
oxxxde/رف	kotakbaz/rain/module/setting/Setting	13
oxxxde/رك	kotakbaz/rain/event/events/TotemPopEvent	3
oxxxde/رن	kotakbaz/rain/module/modules/hud/NotifyModule$MessageNotification	4
oxxxde/ري	kotakbaz/rain/client/util/animations/AnimationUtil	13
oxxxde/رً	kotakbaz/rain/client/draggable/HudAlignment$Axis	2
oxxxde/رٍ	kotakbaz/rain/ui/inventory/InventorySlotState	4
oxxxde/رُ	kotakbaz/rain/ui/inventory/ChestSorterController$Click	4
oxxxde/رْ	kotakbaz/rain/module/modules/render/ViewModelModule$HandHitbox	5
oxxxde/ز	kotakbaz/rain/ui/menu/EventsCategoryComponent$EventEntry	2
oxxxde/زج	kotakbaz/rain/client/util/render/display/AdvancedRectRenderer	7
oxxxde/زش	kotakbaz/rain/event/events/JumpEvent	1
oxxxde/زص	kotakbaz/rain/ui/menu/ConfigEntryActionBounds	3
oxxxde/زع	kotakbaz/rain/client/util/other/ScrollUtil	1
oxxxde/زغ	kotakbaz/rain/module/modules/render/ItemHighliterModule$HighlightEntry	2
oxxxde/زه	kotakbaz/rain/ui/menu/FunTimeEventsApi$ParsedResponse	3
oxxxde/زً	kotakbaz/rain/ui/menu/PointsCategoryComponent$InputField	6
oxxxde/زّ	kotakbaz/rain/module/modules/render/TargetEspModule$QuadVertices	1
oxxxde/زْ	kotakbaz/rain/ui/menu/layout/MenuLayout	12
oxxxde/سآ	kotakbaz/rain/ui/menu/FunTimeEventsApi$RawEvent	3
oxxxde/سئ	kotakbaz/rain/client/render/main/vertex/element/VertexElement	2
oxxxde/سا	kotakbaz/rain/client/render/main/vertex/format/VertexFormat	4
oxxxde/سة	kotakbaz/rain/client/util/color/QuadColor	3
oxxxde/سح	kotakbaz/rain/event/events/PlayerUpdateEvent	25
oxxxde/سخ	kotakbaz/rain/ui/inventory/InventoryAnalysis	2
oxxxde/سص	kotakbaz/rain/client/util/other/DefaultServerBootstrap$DefaultServer	1
oxxxde/سط	kotakbaz/rain/client/draggable/animation/AnimationUtil	5
oxxxde/سع	kotakbaz/rain/event/events/HandOffsetEvent	1
oxxxde/سق	kotakbaz/rain/ui/inventory/InventorySlotVisual	2
oxxxde/سل	kotakbaz/rain/client/util/render/engine/dispatcher/RenderBatch	1
oxxxde/شة	kotakbaz/rain/ui/menu/FunTimeEventsApi$Status	8
oxxxde/شث	kotakbaz/rain/event/events/Render3DEvent	34
oxxxde/شخ	kotakbaz/rain/ui/menu/ContentArea	9
oxxxde/شد	kotakbaz/rain/ui/inventory/InventorySorter$Move	3
oxxxde/شذ	kotakbaz/rain/ui/menu/PointsCategoryComponent$PanelArea	12
oxxxde/شر	kotakbaz/rain/ui/menu/ModuleComponent$LayoutSnapshot	2
oxxxde/شض	kotakbaz/rain/event/events/DropEvent	1
oxxxde/شط	kotakbaz/rain/client/waypoint/WayPointManager$RenameResult	1
oxxxde/شف	kotakbaz/rain/module/modules/render/TargetEspModule$RingSweepState	2
oxxxde/شق	kotakbaz/rain/client/social/CloudConfigKey	2
oxxxde/شل	kotakbaz/rain/client/util/animations/FloatEasing	2
oxxxde/شم	kotakbaz/rain/client/render/main/vertex/DrawMode	4
oxxxde/شً	kotakbaz/rain/module/modules/render/HitParticlesModule$ParticleRenderResources	1
oxxxde/شُ	kotakbaz/rain/client/util/render/font/MsdfGlyph	2
oxxxde/شِ	kotakbaz/rain/module/modules/render/predicts/TrajectoryImpactType	3
oxxxde/صؤ	kotakbaz/rain/client/util/render/engine/controls/ClientRenderPipeline	31
oxxxde/صة	kotakbaz/rain/ui/menu/FunTimeEventsApi$Event	6
oxxxde/صض	kotakbaz/rain/ui/menu/ConfigPage	1
oxxxde/صظ	kotakbaz/rain/client/notification/RemoteNotificationService$RemoteAction	5
oxxxde/صغ	kotakbaz/rain/client/render/main/compile/GlShaderLibrary	1
oxxxde/صق	kotakbaz/rain/client/waypoint/WayPointManager$AddResult	1
oxxxde/صك	kotakbaz/rain/client/util/render/font/FontData$MetricsData	4
oxxxde/صن	kotakbaz/rain/event/types/Event$Key	4
oxxxde/صه	kotakbaz/rain/module/modules/hud/container/Data$First	4
oxxxde/صٌ	kotakbaz/rain/config/ConfigInfo	2
oxxxde/ض	kotakbaz/rain/client/render/texture/texture/GLTexture	2
oxxxde/ضآ	kotakbaz/rain/module/modules/render/ViewModelModule$RenderedHandBounds	1
oxxxde/ضإ	kotakbaz/rain/module/modules/hud/container/Data$Leading$Texture	1
oxxxde/ضب	kotakbaz/rain/module/modules/render/WorldParticlesModule$WorldParticle	4
oxxxde/ضج	kotakbaz/rain/config/ConfigManager$RuntimeSnapshot	3
oxxxde/ضر	kotakbaz/rain/ui/inventory/InventoryLoadoutAnalyzer$ItemTotal	1
oxxxde/ضغ	kotakbaz/rain/client/social/CloudConfigRecord	2
oxxxde/ضٌ	kotakbaz/rain/client/social/RedeemedCloudConfig	2
oxxxde/ضِ	kotakbaz/rain/client/util/render/display/BasicRectRenderer	6
oxxxde/ط	kotakbaz/rain/module/modules/hud/WatermarkModule$Bounds	2
oxxxde/طء	kotakbaz/rain/client/util/render/engine/Renderable	5
oxxxde/طآ	kotakbaz/rain/ui/menu/MenuScreen$PopupRect	21
oxxxde/طأ	kotakbaz/rain/client/render/main/vertex/mesh/IMesh	3
oxxxde/طإ	kotakbaz/rain/module/modules/hud/NotifyModule$MessageSegment	1
oxxxde/طب	kotakbaz/rain/module/setting/ClientColorSetting	1
oxxxde/طج	kotakbaz/rain/client/render/texture/GlTex	3
oxxxde/طد	kotakbaz/rain/ui/inventory/HwAnarchyHelperController$MenuEntry	2
oxxxde/طس	kotakbaz/rain/ui/menu/layout/CategorySlot	2
oxxxde/طص	kotakbaz/rain/module/modules/render/HitParticlesModule$ParticlePhysics	4
oxxxde/طظ	kotakbaz/rain/module/modules/hud/container/Data$Leading$Glyph	1
oxxxde/طف	kotakbaz/rain/ui/inventory/MissingInventoryItem	1
oxxxde/طن	kotakbaz/rain/client/figura/FiguraAvatarInstaller$AvatarEntry	5
oxxxde/طً	kotakbaz/rain/ui/menu/settings/impl/ColorSettingComponent$Rect	10
oxxxde/طُ	kotakbaz/rain/module/setting/settings/SliderSetting	7
oxxxde/ظ	kotakbaz/rain/ui/menu/misc/TextScroller$ScrollState	2
oxxxde/ظآ	kotakbaz/rain/ui/inventory/UiRect	5
oxxxde/ظأ	kotakbaz/rain/client/util/render/font/FontData$BoundsData	2
oxxxde/ظئ	kotakbaz/rain/ui/inventory/SearchLayout	2
oxxxde/ظب	kotakbaz/rain/client/util/render/engine/controls/TextureSampler	1
oxxxde/ظذ	kotakbaz/rain/client/draggable/Draggable	4
oxxxde/ظر	kotakbaz/rain/module/modules/render/predicts/ProjectileLaunch	3
oxxxde/ظس	kotakbaz/rain/client/util/render/font/FontBuilder	1
oxxxde/ظص	kotakbaz/rain/client/extensions/Category	14
oxxxde/ظض	kotakbaz/rain/module/modules/hud/NotifyModule$NotificationEntry	4
oxxxde/ظل	kotakbaz/rain/module/modules/hud/WatermarkModule$WatermarkLayout	1
oxxxde/ظم	kotakbaz/rain/module/modules/render/ViewModelModule$HandHitTarget	2
oxxxde/ظي	kotakbaz/rain/module/setting/ModeSetting	4
oxxxde/ظٌ	kotakbaz/rain/ui/menu/EventsCategoryComponent$ButtonLayout	2
oxxxde/ظٍ	kotakbaz/rain/module/setting/ModSetting	1
oxxxde/عا	kotakbaz/rain/ui/mainmenu/RainMainMenuScreen$DesignRect	4
oxxxde/عب	kotakbaz/rain/module/modules/hud/WatermarkModule$WatermarkPart	5
oxxxde/عت	kotakbaz/rain/module/setting/settings/TextSetting	4
oxxxde/عر	kotakbaz/rain/module/modules/render/TracesModule$TrailPoint	2
oxxxde/عس	kotakbaz/rain/ui/menu/CategoryComponent$ModuleLayoutState	1
oxxxde/غ	kotakbaz/rain/client/util/render/font/MsdfGlyph$ColoredGlyph	1
oxxxde/ٍ	kotakbaz/rain/module/modules/render/HitWavesModule$Wave	2
oxxxde/ّ	kotakbaz/rain/ui/inventory/InventorySnapshot	19
