# physical_name	recovered_original_name	score	margin	shared_strings
oxxxde/اا	kotakbaz/rain/client/render/main/program/compile/A	120.57	120.57	1
oxxxde/اف	kotakbaz/rain/module/modules/player/ChangeHandModule	90.25	38.57	1
oxxxde/اك	kotakbaz/rain/config/ConfigManager	1166.42	1145.84	10
oxxxde/بآ	kotakbaz/rain/module/modules/hud/TargetHudModule	99.48	42.85	2
oxxxde/بج	kotakbaz/rain/module/modules/hud/container/HudModule	190.30	57.99	4
oxxxde/بِ	kotakbaz/rain/client/render/main/program/a	137.60	122.22	1
oxxxde/تر	kotakbaz/rain/client/util/media/a	510.60	466.76	1
oxxxde/ثة	kotakbaz/rain/module/modules/player/AutoInvestModule	233.02	190.11	1
oxxxde/ثذ	kotakbaz/rain/client/render/main/compile/b	240.39	240.74	1
oxxxde/ثض	kotakbaz/rain/module/modules/render/ItemPhysicModule	97.35	97.70	1
oxxxde/ثٍ	kotakbaz/rain/ui/menu/settings/impl/ColorSettingComponent	637.76	570.71	1
oxxxde/جخ	kotakbaz/rain/ui/mainmenu/RainMainMenuScreen	89.14	30.56	2
oxxxde/جد	kotakbaz/rain/client/render/main/program/uniform/a	102.38	93.00	1
oxxxde/جذ	kotakbaz/rain/client/discord/a	54.68	30.70	1
oxxxde/جط	kotakbaz/rain/module/modules/render/SoulsModule	229.91	174.05	1
oxxxde/جل	kotakbaz/rain/client/util/render/engine/controls/LayerControl	53.83	34.10	1
oxxxde/حا	kotakbaz/rain/client/render/main/vertex/element/A	249.17	132.30	1
oxxxde/حز	kotakbaz/rain/ui/menu/MenuScreen	2529.49	2530.39	8
oxxxde/حْ	kotakbaz/rain/client/liteapi/HolyWorldFeatureControl	286.43	274.77	1
oxxxde/خإ	kotakbaz/rain/client/render/main/compile/a	98.42	90.70	1
oxxxde/خج	kotakbaz/rain/friend/FriendManager	47.05	35.56	1
oxxxde/خض	kotakbaz/rain/client/render/texture/utils/gif/gif/A	185.02	130.14	2
oxxxde/خل	kotakbaz/rain/ui/menu/render/MenuBackgroundRendererKt	73.63	73.98	1
oxxxde/دٍ	kotakbaz/rain/client/util/render/engine/controls/RectGroup	212.57	162.32	2
oxxxde/دّ	kotakbaz/rain/module/modules/player/CommandFixModule	203.18	189.70	2
oxxxde/ذا	kotakbaz/rain/client/render/main/program/uniform/uniforms/sampler/a	131.77	14.76	1
oxxxde/ذة	kotakbaz/rain/client/waypoint/WayPointManager	639.80	599.97	3
oxxxde/رم	kotakbaz/rain/client/render/main/scissor/A	155.21	126.97	1
oxxxde/رٌ	kotakbaz/rain/Rain	60.13	60.48	1
oxxxde/زك	kotakbaz/rain/ui/mainmenu/RainMainMenuScreen$Btn	118.96	47.47	2
oxxxde/سث	kotakbaz/rain/client/render/texture/utils/gif/gif/b	302.07	89.14	1
oxxxde/سِ	kotakbaz/rain/ui/mainmenu/RainMainMenuScreen$Link	91.02	62.27	2
oxxxde/ضت	kotakbaz/rain/module/modules/render/WayPointModule	749.73	746.22	2
oxxxde/طؤ	kotakbaz/rain/client/render/main/vertex/format/A	115.74	107.63	1
oxxxde/طش	kotakbaz/rain/client/render/main/program/uniform/uniforms/buffer/A	117.81	79.99	1
oxxxde/طِ	kotakbaz/rain/client/util/other/KeyMappings	132.10	121.07	1
oxxxde/ظغ	kotakbaz/rain/client/render/texture/utils/gif/gif/a	302.07	264.94	1
oxxxde/ظه	kotakbaz/rain/module/modules/player/AutoReissueModule	218.08	188.76	1
oxxxde/ِ	kotakbaz/rain/client/render/main/ChromaRenderer	928.66	924.85	4
