"Class","Module","CategoryExpr","Path"
"D_719_Z","AhHelper","y_2603_k.P_1922_E","C:\Users\Artem\Documents\Codex\2026-05-30\files-mentioned-by-the-user-1\decompiled-cfr-1_16_5\lightning\product\D_719_Z.java"
"P_2452_o","AimAssist","y_2603_k.n_1700_B","C:\Users\Artem\Documents\Codex\2026-05-30\files-mentioned-by-the-user-1\decompiled-cfr-1_16_5\lightning\product\P_2452_o.java"
"x_3739_v","AirJump","y_2603_k.J_1907_R","C:\Users\Artem\Documents\Codex\2026-05-30\files-mentioned-by-the-user-1\decompiled-cfr-1_16_5\lightning\product\x_3739_v.java"
"I_3747_h","AirStuck","y_2603_k.J_1907_R","C:\Users\Artem\Documents\Codex\2026-05-30\files-mentioned-by-the-user-1\decompiled-cfr-1_16_5\lightning\product\I_3747_h.java"
"j_8_l","Ambience","y_2603_k.R_4764_Y","C:\Users\Artem\Documents\Codex\2026-05-30\files-mentioned-by-the-user-1\decompiled-cfr-1_16_5\lightning\product\j_8_l.java"
"B_2197_V","AnomalyESP","y_2603_k.R_4764_Y","C:\Users\Artem\Documents\Codex\2026-05-30\files-mentioned-by-the-user-1\decompiled-cfr-1_16_5\lightning\product\B_2197_V.java"
"J_2666_z","AntiAFK","y_2603_k.G_564_y","C:\Users\Artem\Documents\Codex\2026-05-30\files-mentioned-by-the-user-1\decompiled-cfr-1_16_5\lightning\product\J_2666_z.java"
"E_2264_m","AntiBot","y_2603_k.n_1700_B","C:\Users\Artem\Documents\Codex\2026-05-30\files-mentioned-by-the-user-1\decompiled-cfr-1_16_5\lightning\product\E_2264_m.java"
"v_3080_v","AntiSurround","y_2603_k.n_1700_B","C:\Users\Artem\Documents\Codex\2026-05-30\files-mentioned-by-the-user-1\decompiled-cfr-1_16_5\lightning\product\v_3080_v.java"
"R_549_m","ArmorDurability","y_2603_k.R_4764_Y","C:\Users\Artem\Documents\Codex\2026-05-30\files-mentioned-by-the-user-1\decompiled-cfr-1_16_5\lightning\product\R_549_m.java"
"D_503_K","Arrows","y_2603_k.R_4764_Y","C:\Users\Artem\Documents\Codex\2026-05-30\files-mentioned-by-the-user-1\decompiled-cfr-1_16_5\lightning\product\D_503_K.java"
"y_871_Z","AspectRatio","y_2603_k.R_4764_Y","C:\Users\Artem\Documents\Codex\2026-05-30\files-mentioned-by-the-user-1\decompiled-cfr-1_16_5\lightning\product\y_871_Z.java"
"r_3979_X","AttackAura","y_2603_k.n_1700_B","C:\Users\Artem\Documents\Codex\2026-05-30\files-mentioned-by-the-user-1\decompiled-cfr-1_16_5\lightning\product\r_3979_X.java"
"p_2185_v","Auction Helper","y_2603_k.P_1922_E","C:\Users\Artem\Documents\Codex\2026-05-30\files-mentioned-by-the-user-1\decompiled-cfr-1_16_5\lightning\product\p_2185_v.java"
"j_2916_n","AutoAccept","y_2603_k.P_1922_E","C:\Users\Artem\Documents\Codex\2026-05-30\files-mentioned-by-the-user-1\decompiled-cfr-1_16_5\lightning\product\j_2916_n.java"
"C_2434_C","AutoAnchor","y_2603_k.n_1700_B","C:\Users\Artem\Documents\Codex\2026-05-30\files-mentioned-by-the-user-1\decompiled-cfr-1_16_5\lightning\product\C_2434_C.java"
"m_4661_u","AutoArmor","y_2603_k.G_564_y","C:\Users\Artem\Documents\Codex\2026-05-30\files-mentioned-by-the-user-1\decompiled-cfr-1_16_5\lightning\product\m_4661_u.java"
"A_4727_d","AutoBuy","y_2603_k.G_564_y","C:\Users\Artem\Documents\Codex\2026-05-30\files-mentioned-by-the-user-1\decompiled-cfr-1_16_5\lightning\product\A_4727_d.java"
"r_3963_q","AutoContract","y_2603_k.P_1922_E","C:\Users\Artem\Documents\Codex\2026-05-30\files-mentioned-by-the-user-1\decompiled-cfr-1_16_5\lightning\product\r_3963_q.java"
"X_2658_D","AutoCrystal","y_2603_k.n_1700_B","C:\Users\Artem\Documents\Codex\2026-05-30\files-mentioned-by-the-user-1\decompiled-cfr-1_16_5\lightning\product\X_2658_D.java"
"z_2733_k","AutoDuel","y_2603_k.P_1922_E","C:\Users\Artem\Documents\Codex\2026-05-30\files-mentioned-by-the-user-1\decompiled-cfr-1_16_5\lightning\product\z_2733_k.java"
"I_4367_m","AutoDupe","y_2603_k.G_564_y","C:\Users\Artem\Documents\Codex\2026-05-30\files-mentioned-by-the-user-1\decompiled-cfr-1_16_5\lightning\product\I_4367_m.java"
"I_3289_C","AutoEat","y_2603_k.G_564_y","C:\Users\Artem\Documents\Codex\2026-05-30\files-mentioned-by-the-user-1\decompiled-cfr-1_16_5\lightning\product\I_3289_C.java"
"S_3915_e","AutoExplosion","y_2603_k.n_1700_B","C:\Users\Artem\Documents\Codex\2026-05-30\files-mentioned-by-the-user-1\decompiled-cfr-1_16_5\lightning\product\S_3915_e.java"
"c_2829_Q","AutoFarm","y_2603_k.G_564_y","C:\Users\Artem\Documents\Codex\2026-05-30\files-mentioned-by-the-user-1\decompiled-cfr-1_16_5\lightning\product\c_2829_Q.java"
"l_2912_c","AutoFish","y_2603_k.G_564_y","C:\Users\Artem\Documents\Codex\2026-05-30\files-mentioned-by-the-user-1\decompiled-cfr-1_16_5\lightning\product\l_2912_c.java"
"t_957_C","AutoJoiner","y_2603_k.G_564_y","C:\Users\Artem\Documents\Codex\2026-05-30\files-mentioned-by-the-user-1\decompiled-cfr-1_16_5\lightning\product\t_957_C.java"
"L_3360_m","AutoJump","y_2603_k.J_1907_R","C:\Users\Artem\Documents\Codex\2026-05-30\files-mentioned-by-the-user-1\decompiled-cfr-1_16_5\lightning\product\L_3360_m.java"
"b_3688_V","AutoLeave","y_2603_k.G_564_y","C:\Users\Artem\Documents\Codex\2026-05-30\files-mentioned-by-the-user-1\decompiled-cfr-1_16_5\lightning\product\b_3688_V.java"
"y_1155_q","AutoLes","y_2603_k.G_564_y","C:\Users\Artem\Documents\Codex\2026-05-30\files-mentioned-by-the-user-1\decompiled-cfr-1_16_5\lightning\product\y_1155_q.java"
"H_3725_A","AutoPilot","y_2603_k.G_564_y","C:\Users\Artem\Documents\Codex\2026-05-30\files-mentioned-by-the-user-1\decompiled-cfr-1_16_5\lightning\product\H_3725_A.java"
"r_3030_V","AutoPotion","y_2603_k.n_1700_B","C:\Users\Artem\Documents\Codex\2026-05-30\files-mentioned-by-the-user-1\decompiled-cfr-1_16_5\lightning\product\r_3030_V.java"
"s_2345_S","AutoRespawn","y_2603_k.G_564_y","C:\Users\Artem\Documents\Codex\2026-05-30\files-mentioned-by-the-user-1\decompiled-cfr-1_16_5\lightning\product\s_2345_S.java"
"z_1063_O","AutoSoup","y_2603_k.G_564_y","C:\Users\Artem\Documents\Codex\2026-05-30\files-mentioned-by-the-user-1\decompiled-cfr-1_16_5\lightning\product\z_1063_O.java"
"F_3666_k","AutoSwap","y_2603_k.n_1700_B","C:\Users\Artem\Documents\Codex\2026-05-30\files-mentioned-by-the-user-1\decompiled-cfr-1_16_5\lightning\product\F_3666_k.java"
"D_1525_M","AutoTool","y_2603_k.G_564_y","C:\Users\Artem\Documents\Codex\2026-05-30\files-mentioned-by-the-user-1\decompiled-cfr-1_16_5\lightning\product\D_1525_M.java"
"y_2898_w","AutoTotem","y_2603_k.n_1700_B","C:\Users\Artem\Documents\Codex\2026-05-30\files-mentioned-by-the-user-1\decompiled-cfr-1_16_5\lightning\product\y_2898_w.java"
"Q_79_h","AutoTrade","y_2603_k.G_564_y","C:\Users\Artem\Documents\Codex\2026-05-30\files-mentioned-by-the-user-1\decompiled-cfr-1_16_5\lightning\product\Q_79_h.java"
"W_3674_c","AutoTrap","y_2603_k.n_1700_B","C:\Users\Artem\Documents\Codex\2026-05-30\files-mentioned-by-the-user-1\decompiled-cfr-1_16_5\lightning\product\W_3674_c.java"
"b_1551_C","BaritoneSettings","y_2603_k.G_564_y","C:\Users\Artem\Documents\Codex\2026-05-30\files-mentioned-by-the-user-1\decompiled-cfr-1_16_5\lightning\product\b_1551_C.java"
"A_2863_p","BedrockProxy","y_2603_k.P_1922_E","C:\Users\Artem\Documents\Codex\2026-05-30\files-mentioned-by-the-user-1\decompiled-cfr-1_16_5\lightning\product\A_2863_p.java"
"b_4074_q","BetterMinecraft","y_2603_k.P_1922_E","C:\Users\Artem\Documents\Codex\2026-05-30\files-mentioned-by-the-user-1\decompiled-cfr-1_16_5\lightning\product\b_4074_q.java"
"S_2856_u","Blink","y_2603_k.J_1907_R","C:\Users\Artem\Documents\Codex\2026-05-30\files-mentioned-by-the-user-1\decompiled-cfr-1_16_5\lightning\product\S_2856_u.java"
"I_4239_n","Block ESP","y_2603_k.R_4764_Y","C:\Users\Artem\Documents\Codex\2026-05-30\files-mentioned-by-the-user-1\decompiled-cfr-1_16_5\lightning\product\I_4239_n.java"
"O_3035_j","BlockFly","y_2603_k.J_1907_R","C:\Users\Artem\Documents\Codex\2026-05-30\files-mentioned-by-the-user-1\decompiled-cfr-1_16_5\lightning\product\O_3035_j.java"
"d_4363_h","BlockOverlay","y_2603_k.R_4764_Y","C:\Users\Artem\Documents\Codex\2026-05-30\files-mentioned-by-the-user-1\decompiled-cfr-1_16_5\lightning\product\d_4363_h.java"
"s_4969_Y","BoatNoClip","y_2603_k.J_1907_R","C:\Users\Artem\Documents\Codex\2026-05-30\files-mentioned-by-the-user-1\decompiled-cfr-1_16_5\lightning\product\s_4969_Y.java"
"U_4792_T","BotAutoCollector","y_2603_k.P_1922_E","C:\Users\Artem\Documents\Codex\2026-05-30\files-mentioned-by-the-user-1\decompiled-cfr-1_16_5\lightning\product\U_4792_T.java"
"a_3583_t","Bots","y_2603_k.P_1922_E","C:\Users\Artem\Documents\Codex\2026-05-30\files-mentioned-by-the-user-1\decompiled-cfr-1_16_5\lightning\product\a_3583_t.java"
"w_2928_b","CavityFinder","y_2603_k.R_4764_Y","C:\Users\Artem\Documents\Codex\2026-05-30\files-mentioned-by-the-user-1\decompiled-cfr-1_16_5\lightning\product\w_2928_b.java"
"v_3059_Q","Chams","y_2603_k.R_4764_Y","C:\Users\Artem\Documents\Codex\2026-05-30\files-mentioned-by-the-user-1\decompiled-cfr-1_16_5\lightning\product\v_3059_Q.java"
"t_2216_p","ChatBubbles","y_2603_k.R_4764_Y","C:\Users\Artem\Documents\Codex\2026-05-30\files-mentioned-by-the-user-1\decompiled-cfr-1_16_5\lightning\product\t_2216_p.java"
"d_1547_E","ChestStealer","y_2603_k.G_564_y","C:\Users\Artem\Documents\Codex\2026-05-30\files-mentioned-by-the-user-1\decompiled-cfr-1_16_5\lightning\product\d_1547_E.java"
"B_1652_W","ChorusExploit","y_2603_k.G_564_y","C:\Users\Artem\Documents\Codex\2026-05-30\files-mentioned-by-the-user-1\decompiled-cfr-1_16_5\lightning\product\B_1652_W.java"
"K_4427_C","ClickFriend","y_2603_k.P_1922_E","C:\Users\Artem\Documents\Codex\2026-05-30\files-mentioned-by-the-user-1\decompiled-cfr-1_16_5\lightning\product\K_4427_C.java"
"E_4077_t","ClickPearl","y_2603_k.G_564_y","C:\Users\Artem\Documents\Codex\2026-05-30\files-mentioned-by-the-user-1\decompiled-cfr-1_16_5\lightning\product\E_4077_t.java"
"a_3144_E","ClientSpoof","y_2603_k.P_1922_E","C:\Users\Artem\Documents\Codex\2026-05-30\files-mentioned-by-the-user-1\decompiled-cfr-1_16_5\lightning\product\a_3144_E.java"
"v_3429_e","Cosmetics","y_2603_k.R_4764_Y","C:\Users\Artem\Documents\Codex\2026-05-30\files-mentioned-by-the-user-1\decompiled-cfr-1_16_5\lightning\product\v_3429_e.java"
"h_1225_M","Crosshair","y_2603_k.R_4764_Y","C:\Users\Artem\Documents\Codex\2026-05-30\files-mentioned-by-the-user-1\decompiled-cfr-1_16_5\lightning\product\h_1225_M.java"
"S_4299_T","Crystal Optimizer","y_2603_k.G_564_y","C:\Users\Artem\Documents\Codex\2026-05-30\files-mentioned-by-the-user-1\decompiled-cfr-1_16_5\lightning\product\S_4299_T.java"
"e_1178_K","CrystalESP","y_2603_k.R_4764_Y","C:\Users\Artem\Documents\Codex\2026-05-30\files-mentioned-by-the-user-1\decompiled-cfr-1_16_5\lightning\product\e_1178_K.java"
"w_1297_x","DeathCoords","y_2603_k.P_1922_E","C:\Users\Artem\Documents\Codex\2026-05-30\files-mentioned-by-the-user-1\decompiled-cfr-1_16_5\lightning\product\w_1297_x.java"
"U_4523_X","DiscordRPC","y_2603_k.P_1922_E","C:\Users\Artem\Documents\Codex\2026-05-30\files-mentioned-by-the-user-1\decompiled-cfr-1_16_5\lightning\product\U_4523_X.java"
"X_2937_s","DistantAlpha","y_2603_k.R_4764_Y","C:\Users\Artem\Documents\Codex\2026-05-30\files-mentioned-by-the-user-1\decompiled-cfr-1_16_5\lightning\product\X_2937_s.java"
"r_3815_v","EcSaver","y_2603_k.P_1922_E","C:\Users\Artem\Documents\Codex\2026-05-30\files-mentioned-by-the-user-1\decompiled-cfr-1_16_5\lightning\product\r_3815_v.java"
"E_3014_r","ElytraHelper","y_2603_k.P_1922_E","C:\Users\Artem\Documents\Codex\2026-05-30\files-mentioned-by-the-user-1\decompiled-cfr-1_16_5\lightning\product\E_3014_r.java"
"b_3706_V","ElytraJump","y_2603_k.J_1907_R","C:\Users\Artem\Documents\Codex\2026-05-30\files-mentioned-by-the-user-1\decompiled-cfr-1_16_5\lightning\product\b_3706_V.java"
"c_2421_y","ElytraMotion","y_2603_k.J_1907_R","C:\Users\Artem\Documents\Codex\2026-05-30\files-mentioned-by-the-user-1\decompiled-cfr-1_16_5\lightning\product\c_2421_y.java"
"f_4762_w","ElytraResolver","y_2603_k.J_1907_R","C:\Users\Artem\Documents\Codex\2026-05-30\files-mentioned-by-the-user-1\decompiled-cfr-1_16_5\lightning\product\f_4762_w.java"
"b_2162_C","Emotions","y_2603_k.R_4764_Y","C:\Users\Artem\Documents\Codex\2026-05-30\files-mentioned-by-the-user-1\decompiled-cfr-1_16_5\lightning\product\b_2162_C.java"
"R_2100_t","EntityCatSplitFix","p_i50428_1_","C:\Users\Artem\Documents\Codex\2026-05-30\files-mentioned-by-the-user-1\decompiled-cfr-1_16_5\lightning\product\R_2100_t.java"
"A_1508_M","EntityCodSalmonFix","outputSchema","C:\Users\Artem\Documents\Codex\2026-05-30\files-mentioned-by-the-user-1\decompiled-cfr-1_16_5\lightning\product\A_1508_M.java"
"i_4614_X","EntityElderGuardianSplitFix","outputSchema","C:\Users\Artem\Documents\Codex\2026-05-30\files-mentioned-by-the-user-1\decompiled-cfr-1_16_5\lightning\product\i_4614_X.java"
"O_580_c","EntityESP","y_2603_k.R_4764_Y","C:\Users\Artem\Documents\Codex\2026-05-30\files-mentioned-by-the-user-1\decompiled-cfr-1_16_5\lightning\product\O_580_c.java"
"f_1810_S","EntityHorseSplitFix","outputSchema","C:\Users\Artem\Documents\Codex\2026-05-30\files-mentioned-by-the-user-1\decompiled-cfr-1_16_5\lightning\product\f_1810_S.java"
"E_2109_V","EntityPufferfishRenameFix","outputSchema","C:\Users\Artem\Documents\Codex\2026-05-30\files-mentioned-by-the-user-1\decompiled-cfr-1_16_5\lightning\product\E_2109_V.java"
"W_4744_p","EntityRavagerRenameFix","p_i50427_1_","C:\Users\Artem\Documents\Codex\2026-05-30\files-mentioned-by-the-user-1\decompiled-cfr-1_16_5\lightning\product\W_4744_p.java"
"D_4197_U","EntitySkeletonSplitFix","outputSchema","C:\Users\Artem\Documents\Codex\2026-05-30\files-mentioned-by-the-user-1\decompiled-cfr-1_16_5\lightning\product\D_4197_U.java"
"M_1932_A","EntityTheRenameningBlock","outputSchema","C:\Users\Artem\Documents\Codex\2026-05-30\files-mentioned-by-the-user-1\decompiled-cfr-1_16_5\lightning\product\M_1932_A.java"
"j_1428_x","EntityTippedArrowFix","outputSchema","C:\Users\Artem\Documents\Codex\2026-05-30\files-mentioned-by-the-user-1\decompiled-cfr-1_16_5\lightning\product\j_1428_x.java"
"V_2455_Z","EntityZombieSplitFix","outputSchema","C:\Users\Artem\Documents\Codex\2026-05-30\files-mentioned-by-the-user-1\decompiled-cfr-1_16_5\lightning\product\V_2455_Z.java"
"f_4677_Y","EntityZombifiedPiglinRenameFix","p_i231453_1_","C:\Users\Artem\Documents\Codex\2026-05-30\files-mentioned-by-the-user-1\decompiled-cfr-1_16_5\lightning\product\f_4677_Y.java"
"p_1841_X","ExtendedTab","y_2603_k.R_4764_Y","C:\Users\Artem\Documents\Codex\2026-05-30\files-mentioned-by-the-user-1\decompiled-cfr-1_16_5\lightning\product\p_1841_X.java"
"y_3130_n","FastBreak","y_2603_k.G_564_y","C:\Users\Artem\Documents\Codex\2026-05-30\files-mentioned-by-the-user-1\decompiled-cfr-1_16_5\lightning\product\y_3130_n.java"
"w_2493_S","FastPlace","y_2603_k.G_564_y","C:\Users\Artem\Documents\Codex\2026-05-30\files-mentioned-by-the-user-1\decompiled-cfr-1_16_5\lightning\product\w_2493_S.java"
"v_3518_Z","FireworkESP","y_2603_k.R_4764_Y","C:\Users\Artem\Documents\Codex\2026-05-30\files-mentioned-by-the-user-1\decompiled-cfr-1_16_5\lightning\product\v_3518_Z.java"
"S_2721_L","FlagDetector","y_2603_k.P_1922_E","C:\Users\Artem\Documents\Codex\2026-05-30\files-mentioned-by-the-user-1\decompiled-cfr-1_16_5\lightning\product\S_2721_L.java"
"N_3408_T","Flight","y_2603_k.J_1907_R","C:\Users\Artem\Documents\Codex\2026-05-30\files-mentioned-by-the-user-1\decompiled-cfr-1_16_5\lightning\product\N_3408_T.java"
"d_4412_Z","FreeCam","y_2603_k.G_564_y","C:\Users\Artem\Documents\Codex\2026-05-30\files-mentioned-by-the-user-1\decompiled-cfr-1_16_5\lightning\product\d_4412_Z.java"
"c_4453_h","FullBright","y_2603_k.R_4764_Y","C:\Users\Artem\Documents\Codex\2026-05-30\files-mentioned-by-the-user-1\decompiled-cfr-1_16_5\lightning\product\c_4453_h.java"
"d_1175_c","Glint","y_2603_k.R_4764_Y","C:\Users\Artem\Documents\Codex\2026-05-30\files-mentioned-by-the-user-1\decompiled-cfr-1_16_5\lightning\product\d_1175_c.java"
"a_2725_z","Globals","y_2603_k.P_1922_E","C:\Users\Artem\Documents\Codex\2026-05-30\files-mentioned-by-the-user-1\decompiled-cfr-1_16_5\lightning\product\a_2725_z.java"
"a_2432_k","GuiMove","y_2603_k.J_1907_R","C:\Users\Artem\Documents\Codex\2026-05-30\files-mentioned-by-the-user-1\decompiled-cfr-1_16_5\lightning\product\a_2432_k.java"
"W_2398_E","HighJump","y_2603_k.J_1907_R","C:\Users\Artem\Documents\Codex\2026-05-30\files-mentioned-by-the-user-1\decompiled-cfr-1_16_5\lightning\product\W_2398_E.java"
"S_3792_t","HitEffect","y_2603_k.R_4764_Y","C:\Users\Artem\Documents\Codex\2026-05-30\files-mentioned-by-the-user-1\decompiled-cfr-1_16_5\lightning\product\S_3792_t.java"
"x_604_J","HoleFill","y_2603_k.n_1700_B","C:\Users\Artem\Documents\Codex\2026-05-30\files-mentioned-by-the-user-1\decompiled-cfr-1_16_5\lightning\product\x_604_J.java"
"R_3911_s","Interface","y_2603_k.R_4764_Y","C:\Users\Artem\Documents\Codex\2026-05-30\files-mentioned-by-the-user-1\decompiled-cfr-1_16_5\lightning\product\R_3911_s.java"
"O_196_G","InventoryPlus","y_2603_k.P_1922_E","C:\Users\Artem\Documents\Codex\2026-05-30\files-mentioned-by-the-user-1\decompiled-cfr-1_16_5\lightning\product\O_196_G.java"
"J_3907_o","InvManager","y_2603_k.G_564_y","C:\Users\Artem\Documents\Codex\2026-05-30\files-mentioned-by-the-user-1\decompiled-cfr-1_16_5\lightning\product\J_3907_o.java"
"j_4556_h","ItemHelper","y_2603_k.P_1922_E","C:\Users\Artem\Documents\Codex\2026-05-30\files-mentioned-by-the-user-1\decompiled-cfr-1_16_5\lightning\product\j_4556_h.java"
"N_2577_J","ItemPhysics","y_2603_k.R_4764_Y","C:\Users\Artem\Documents\Codex\2026-05-30\files-mentioned-by-the-user-1\decompiled-cfr-1_16_5\lightning\product\N_2577_J.java"
"Z_2468_O","ItemRadius","y_2603_k.R_4764_Y","C:\Users\Artem\Documents\Codex\2026-05-30\files-mentioned-by-the-user-1\decompiled-cfr-1_16_5\lightning\product\Z_2468_O.java"
"Q_2558_o","ItemRelease","y_2603_k.G_564_y","C:\Users\Artem\Documents\Codex\2026-05-30\files-mentioned-by-the-user-1\decompiled-cfr-1_16_5\lightning\product\Q_2558_o.java"
"I_4555_F","ItemsCooldown","y_2603_k.G_564_y","C:\Users\Artem\Documents\Codex\2026-05-30\files-mentioned-by-the-user-1\decompiled-cfr-1_16_5\lightning\product\I_4555_F.java"
"X_157_R","ItemScroller","y_2603_k.G_564_y","C:\Users\Artem\Documents\Codex\2026-05-30\files-mentioned-by-the-user-1\decompiled-cfr-1_16_5\lightning\product\X_157_R.java"
"J_617_O","Jesus","y_2603_k.J_1907_R","C:\Users\Artem\Documents\Codex\2026-05-30\files-mentioned-by-the-user-1\decompiled-cfr-1_16_5\lightning\product\J_617_O.java"
"q_2941_t","JumpCircle","y_2603_k.R_4764_Y","C:\Users\Artem\Documents\Codex\2026-05-30\files-mentioned-by-the-user-1\decompiled-cfr-1_16_5\lightning\product\q_2941_t.java"
"Q_1995_W","KBDisplacement","y_2603_k.n_1700_B","C:\Users\Artem\Documents\Codex\2026-05-30\files-mentioned-by-the-user-1\decompiled-cfr-1_16_5\lightning\product\Q_1995_W.java"
"v_4457_G","KillEffect","y_2603_k.R_4764_Y","C:\Users\Artem\Documents\Codex\2026-05-30\files-mentioned-by-the-user-1\decompiled-cfr-1_16_5\lightning\product\v_4457_G.java"
"K_4793_q","LeaveTracker","y_2603_k.G_564_y","C:\Users\Artem\Documents\Codex\2026-05-30\files-mentioned-by-the-user-1\decompiled-cfr-1_16_5\lightning\product\K_4793_q.java"
"p_250_I","LevitationControl","y_2603_k.G_564_y","C:\Users\Artem\Documents\Codex\2026-05-30\files-mentioned-by-the-user-1\decompiled-cfr-1_16_5\lightning\product\p_250_I.java"
"p_4988_n","LockSlot","y_2603_k.G_564_y","C:\Users\Artem\Documents\Codex\2026-05-30\files-mentioned-by-the-user-1\decompiled-cfr-1_16_5\lightning\product\p_4988_n.java"
"d_1349_W","LogoutSpots","y_2603_k.R_4764_Y","C:\Users\Artem\Documents\Codex\2026-05-30\files-mentioned-by-the-user-1\decompiled-cfr-1_16_5\lightning\product\d_1349_W.java"
"V_2235_o","MoveHelper","y_2603_k.J_1907_R","C:\Users\Artem\Documents\Codex\2026-05-30\files-mentioned-by-the-user-1\decompiled-cfr-1_16_5\lightning\product\V_2235_o.java"
"k_1320_C","NameProtect","y_2603_k.P_1922_E","C:\Users\Artem\Documents\Codex\2026-05-30\files-mentioned-by-the-user-1\decompiled-cfr-1_16_5\lightning\product\k_1320_C.java"
"T_1979_A","NoEntityTrace","y_2603_k.n_1700_B","C:\Users\Artem\Documents\Codex\2026-05-30\files-mentioned-by-the-user-1\decompiled-cfr-1_16_5\lightning\product\T_1979_A.java"
"y_3712_F","NoFall","y_2603_k.J_1907_R","C:\Users\Artem\Documents\Codex\2026-05-30\files-mentioned-by-the-user-1\decompiled-cfr-1_16_5\lightning\product\y_3712_F.java"
"x_119_J","NoFriendDamage","y_2603_k.n_1700_B","C:\Users\Artem\Documents\Codex\2026-05-30\files-mentioned-by-the-user-1\decompiled-cfr-1_16_5\lightning\product\x_119_J.java"
"G_2945_W","NoInteract","y_2603_k.G_564_y","C:\Users\Artem\Documents\Codex\2026-05-30\files-mentioned-by-the-user-1\decompiled-cfr-1_16_5\lightning\product\G_2945_W.java"
"N_3950_A","NoJumpDelay","y_2603_k.J_1907_R","C:\Users\Artem\Documents\Codex\2026-05-30\files-mentioned-by-the-user-1\decompiled-cfr-1_16_5\lightning\product\N_3950_A.java"
"R_2793_I","NoPush","y_2603_k.J_1907_R","C:\Users\Artem\Documents\Codex\2026-05-30\files-mentioned-by-the-user-1\decompiled-cfr-1_16_5\lightning\product\R_2793_I.java"
"z_3044_r","NoServerDesync","y_2603_k.n_1700_B","C:\Users\Artem\Documents\Codex\2026-05-30\files-mentioned-by-the-user-1\decompiled-cfr-1_16_5\lightning\product\z_3044_r.java"
"v_1977_Z","NoSlow","y_2603_k.J_1907_R","C:\Users\Artem\Documents\Codex\2026-05-30\files-mentioned-by-the-user-1\decompiled-cfr-1_16_5\lightning\product\v_1977_Z.java"
"j_1072_J","NoWeb","y_2603_k.J_1907_R","C:\Users\Artem\Documents\Codex\2026-05-30\files-mentioned-by-the-user-1\decompiled-cfr-1_16_5\lightning\product\j_1072_J.java"
"E_816_W","Nuker","y_2603_k.G_564_y","C:\Users\Artem\Documents\Codex\2026-05-30\files-mentioned-by-the-user-1\decompiled-cfr-1_16_5\lightning\product\E_816_W.java"
"E_4620_Y","ObjectInfo","y_2603_k.R_4764_Y","C:\Users\Artem\Documents\Codex\2026-05-30\files-mentioned-by-the-user-1\decompiled-cfr-1_16_5\lightning\product\E_4620_Y.java"
"A_4758_i","OpenWalls","y_2603_k.P_1922_E","C:\Users\Artem\Documents\Codex\2026-05-30\files-mentioned-by-the-user-1\decompiled-cfr-1_16_5\lightning\product\A_4758_i.java"
"r_2768_V","PacketCriticals","y_2603_k.n_1700_B","C:\Users\Artem\Documents\Codex\2026-05-30\files-mentioned-by-the-user-1\decompiled-cfr-1_16_5\lightning\product\r_2768_V.java"
"Y_1405_d","Particles","y_2603_k.R_4764_Y","C:\Users\Artem\Documents\Codex\2026-05-30\files-mentioned-by-the-user-1\decompiled-cfr-1_16_5\lightning\product\Y_1405_d.java"
"w_2334_X","Particular","y_2603_k.R_4764_Y","C:\Users\Artem\Documents\Codex\2026-05-30\files-mentioned-by-the-user-1\decompiled-cfr-1_16_5\lightning\product\w_2334_X.java"
"E_3242_J","Party","y_2603_k.P_1922_E","C:\Users\Artem\Documents\Codex\2026-05-30\files-mentioned-by-the-user-1\decompiled-cfr-1_16_5\lightning\product\E_3242_J.java"
"O_4101_I","PearlLogger","y_2603_k.G_564_y","C:\Users\Artem\Documents\Codex\2026-05-30\files-mentioned-by-the-user-1\decompiled-cfr-1_16_5\lightning\product\O_4101_I.java"
"O_2864_C","Phase","y_2603_k.J_1907_R","C:\Users\Artem\Documents\Codex\2026-05-30\files-mentioned-by-the-user-1\decompiled-cfr-1_16_5\lightning\product\O_2864_C.java"
"F_1541_a","PotionTracker","y_2603_k.P_1922_E","C:\Users\Artem\Documents\Codex\2026-05-30\files-mentioned-by-the-user-1\decompiled-cfr-1_16_5\lightning\product\F_1541_a.java"
"K_4170_W","Prediction","y_2603_k.R_4764_Y","C:\Users\Artem\Documents\Codex\2026-05-30\files-mentioned-by-the-user-1\decompiled-cfr-1_16_5\lightning\product\K_4170_W.java"
"v_1932_W","RegionExploit","y_2603_k.G_564_y","C:\Users\Artem\Documents\Codex\2026-05-30\files-mentioned-by-the-user-1\decompiled-cfr-1_16_5\lightning\product\v_1932_W.java"
"H_293_i","Removals","y_2603_k.R_4764_Y","C:\Users\Artem\Documents\Codex\2026-05-30\files-mentioned-by-the-user-1\decompiled-cfr-1_16_5\lightning\product\H_293_i.java"
"W_1349_b","RussianRoulette","y_2603_k.P_1922_E","C:\Users\Artem\Documents\Codex\2026-05-30\files-mentioned-by-the-user-1\decompiled-cfr-1_16_5\lightning\product\W_1349_b.java"
"v_1012_u","SantaHat","y_2603_k.R_4764_Y","C:\Users\Artem\Documents\Codex\2026-05-30\files-mentioned-by-the-user-1\decompiled-cfr-1_16_5\lightning\product\v_1012_u.java"
"F_3104_Z","ScoreboardHealth","y_2603_k.P_1922_E","C:\Users\Artem\Documents\Codex\2026-05-30\files-mentioned-by-the-user-1\decompiled-cfr-1_16_5\lightning\product\F_3104_Z.java"
"Z_1374_P","SeeInvisibles","y_2603_k.R_4764_Y","C:\Users\Artem\Documents\Codex\2026-05-30\files-mentioned-by-the-user-1\decompiled-cfr-1_16_5\lightning\product\Z_1374_P.java"
"n_94_R","ServerHelper","y_2603_k.P_1922_E","C:\Users\Artem\Documents\Codex\2026-05-30\files-mentioned-by-the-user-1\decompiled-cfr-1_16_5\lightning\product\n_94_R.java"
"r_2173_g","ShulkerPreview","y_2603_k.R_4764_Y","C:\Users\Artem\Documents\Codex\2026-05-30\files-mentioned-by-the-user-1\decompiled-cfr-1_16_5\lightning\product\r_2173_g.java"
"A_1958_j","Skeleton","y_2603_k.R_4764_Y","C:\Users\Artem\Documents\Codex\2026-05-30\files-mentioned-by-the-user-1\decompiled-cfr-1_16_5\lightning\product\A_1958_j.java"
"N_1544_z","Spammer","y_2603_k.P_1922_E","C:\Users\Artem\Documents\Codex\2026-05-30\files-mentioned-by-the-user-1\decompiled-cfr-1_16_5\lightning\product\N_1544_z.java"
"v_3961_f","Speed","y_2603_k.J_1907_R","C:\Users\Artem\Documents\Codex\2026-05-30\files-mentioned-by-the-user-1\decompiled-cfr-1_16_5\lightning\product\v_3961_f.java"
"s_3254_N","Spider","y_2603_k.J_1907_R","C:\Users\Artem\Documents\Codex\2026-05-30\files-mentioned-by-the-user-1\decompiled-cfr-1_16_5\lightning\product\s_3254_N.java"
"j_4679_k","Sprint","y_2603_k.J_1907_R","C:\Users\Artem\Documents\Codex\2026-05-30\files-mentioned-by-the-user-1\decompiled-cfr-1_16_5\lightning\product\j_4679_k.java"
"s_324_v","SRPSpoof","y_2603_k.P_1922_E","C:\Users\Artem\Documents\Codex\2026-05-30\files-mentioned-by-the-user-1\decompiled-cfr-1_16_5\lightning\product\s_324_v.java"
"B_3601_Q","Step","y_2603_k.J_1907_R","C:\Users\Artem\Documents\Codex\2026-05-30\files-mentioned-by-the-user-1\decompiled-cfr-1_16_5\lightning\product\B_3601_Q.java"
"q_3444_T","Strafe","y_2603_k.J_1907_R","C:\Users\Artem\Documents\Codex\2026-05-30\files-mentioned-by-the-user-1\decompiled-cfr-1_16_5\lightning\product\q_3444_T.java"
"I_58_I","SuperFirework","y_2603_k.J_1907_R","C:\Users\Artem\Documents\Codex\2026-05-30\files-mentioned-by-the-user-1\decompiled-cfr-1_16_5\lightning\product\I_58_I.java"
"c_2939_W","Surround","y_2603_k.n_1700_B","C:\Users\Artem\Documents\Codex\2026-05-30\files-mentioned-by-the-user-1\decompiled-cfr-1_16_5\lightning\product\c_2939_W.java"
"q_2753_Q","Tags","y_2603_k.R_4764_Y","C:\Users\Artem\Documents\Codex\2026-05-30\files-mentioned-by-the-user-1\decompiled-cfr-1_16_5\lightning\product\q_2753_Q.java"
"C_363_w","TapeMouse","y_2603_k.P_1922_E","C:\Users\Artem\Documents\Codex\2026-05-30\files-mentioned-by-the-user-1\decompiled-cfr-1_16_5\lightning\product\C_363_w.java"
"S_1203_N","TargetPearl","y_2603_k.n_1700_B","C:\Users\Artem\Documents\Codex\2026-05-30\files-mentioned-by-the-user-1\decompiled-cfr-1_16_5\lightning\product\S_1203_N.java"
"P_1216_m","TargetStrafe","y_2603_k.n_1700_B","C:\Users\Artem\Documents\Codex\2026-05-30\files-mentioned-by-the-user-1\decompiled-cfr-1_16_5\lightning\product\P_1216_m.java"
"g_392_a","ThirdPerson","y_2603_k.R_4764_Y","C:\Users\Artem\Documents\Codex\2026-05-30\files-mentioned-by-the-user-1\decompiled-cfr-1_16_5\lightning\product\g_392_a.java"
"L_2735_S","Timer","y_2603_k.J_1907_R","C:\Users\Artem\Documents\Codex\2026-05-30\files-mentioned-by-the-user-1\decompiled-cfr-1_16_5\lightning\product\L_2735_S.java"
"S_2675_i","ToggleSounds","y_2603_k.P_1922_E","C:\Users\Artem\Documents\Codex\2026-05-30\files-mentioned-by-the-user-1\decompiled-cfr-1_16_5\lightning\product\S_2675_i.java"
"P_2663_r","TotemPop","y_2603_k.R_4764_Y","C:\Users\Artem\Documents\Codex\2026-05-30\files-mentioned-by-the-user-1\decompiled-cfr-1_16_5\lightning\product\P_2663_r.java"
"j_744_k","TPLoot","y_2603_k.P_1922_E","C:\Users\Artem\Documents\Codex\2026-05-30\files-mentioned-by-the-user-1\decompiled-cfr-1_16_5\lightning\product\j_744_k.java"
"X_1520_T","Tracers","y_2603_k.R_4764_Y","C:\Users\Artem\Documents\Codex\2026-05-30\files-mentioned-by-the-user-1\decompiled-cfr-1_16_5\lightning\product\X_1520_T.java"
"S_891_S","Trails","y_2603_k.R_4764_Y","C:\Users\Artem\Documents\Codex\2026-05-30\files-mentioned-by-the-user-1\decompiled-cfr-1_16_5\lightning\product\S_891_S.java"
"m_3390_o","Trajectory","y_2603_k.R_4764_Y","C:\Users\Artem\Documents\Codex\2026-05-30\files-mentioned-by-the-user-1\decompiled-cfr-1_16_5\lightning\product\m_3390_o.java"
"B_1277_o","TrashTalk","y_2603_k.P_1922_E","C:\Users\Artem\Documents\Codex\2026-05-30\files-mentioned-by-the-user-1\decompiled-cfr-1_16_5\lightning\product\B_1277_o.java"
"j_4464_q","TriggerBot","y_2603_k.n_1700_B","C:\Users\Artem\Documents\Codex\2026-05-30\files-mentioned-by-the-user-1\decompiled-cfr-1_16_5\lightning\product\j_4464_q.java"
"l_4896_Q","UseTracker","y_2603_k.P_1922_E","C:\Users\Artem\Documents\Codex\2026-05-30\files-mentioned-by-the-user-1\decompiled-cfr-1_16_5\lightning\product\l_4896_Q.java"
"O_3045_w","Velocity","y_2603_k.n_1700_B","C:\Users\Artem\Documents\Codex\2026-05-30\files-mentioned-by-the-user-1\decompiled-cfr-1_16_5\lightning\product\O_3045_w.java"
"l_3741_Y","ViewModel","y_2603_k.R_4764_Y","C:\Users\Artem\Documents\Codex\2026-05-30\files-mentioned-by-the-user-1\decompiled-cfr-1_16_5\lightning\product\l_3741_Y.java"
"D_4184_M","VoiceChat","y_2603_k.P_1922_E","C:\Users\Artem\Documents\Codex\2026-05-30\files-mentioned-by-the-user-1\decompiled-cfr-1_16_5\lightning\product\D_4184_M.java"
"f_24_h","WaterSpeed","y_2603_k.J_1907_R","C:\Users\Artem\Documents\Codex\2026-05-30\files-mentioned-by-the-user-1\decompiled-cfr-1_16_5\lightning\product\f_24_h.java"
"S_1648_L","WorldParticles","y_2603_k.R_4764_Y","C:\Users\Artem\Documents\Codex\2026-05-30\files-mentioned-by-the-user-1\decompiled-cfr-1_16_5\lightning\product\S_1648_L.java"
