class,source,source_present,inner_or_anonymous
Test,Test.java,True,False
Test2,Test2.java,True,False
Test3,Test3.java,True,False
aethereal.Session,aethereal/Session.java,True,False
com.wmedia.AudioLevels,com/wmedia/AudioLevels.java,True,False
com.wmedia.MediaInfo,com/wmedia/MediaInfo.java,True,False
com.wmedia.MediaProvider,com/wmedia/MediaProvider.java,True,False
meteordevelopment.orbit.EventBus$LambdaFactoryInfo,meteordevelopment/orbit/EventBus.java,True,True
meteordevelopment.orbit.EventBus,meteordevelopment/orbit/EventBus.java,True,False
meteordevelopment.orbit.EventHandler,meteordevelopment/orbit/EventHandler.java,True,False
meteordevelopment.orbit.EventPriority,meteordevelopment/orbit/EventPriority.java,True,False
meteordevelopment.orbit.ICancellable,meteordevelopment/orbit/ICancellable.java,True,False
meteordevelopment.orbit.IEventBus,meteordevelopment/orbit/IEventBus.java,True,False
meteordevelopment.orbit.NoLambdaFactoryException,meteordevelopment/orbit/NoLambdaFactoryException.java,True,False
meteordevelopment.orbit.listeners.ConsumerListener,meteordevelopment/orbit/listeners/ConsumerListener.java,True,False
meteordevelopment.orbit.listeners.IListener,meteordevelopment/orbit/listeners/IListener.java,True,False
meteordevelopment.orbit.listeners.LambdaListener$Factory,meteordevelopment/orbit/listeners/LambdaListener.java,True,True
meteordevelopment.orbit.listeners.LambdaListener,meteordevelopment/orbit/listeners/LambdaListener.java,True,False
net.minecraft.client.gl.ShaderProgramKeys,net/minecraft/client/gl/ShaderProgramKeys.java,True,False
net.minecraft.client.render.BufferRenderer,net/minecraft/client/render/BufferRenderer.java,True,False
pulse.TestMod,pulse/TestMod.java,True,False
pulse.animation.AnimationMode,pulse/animation/AnimationMode.java,True,False
pulse.animation.AnimationState,pulse/animation/AnimationState.java,True,False
pulse.animation.ChatInputSlideAnimation,pulse/animation/ChatInputSlideAnimation.java,True,False
pulse.animation.ChatMessageSlideAnimation,pulse/animation/ChatMessageSlideAnimation.java,True,False
pulse.animation.Easing,pulse/animation/Easing.java,True,False
pulse.animation.EasingFunction,pulse/animation/EasingFunction.java,True,False
pulse.animation.HotbarSelectionAnimation,pulse/animation/HotbarSelectionAnimation.java,True,False
pulse.animation.PerspectiveDistanceAnimation,pulse/animation/PerspectiveDistanceAnimation.java,True,False
pulse.animation.PlayerListScaleAnimation,pulse/animation/PlayerListScaleAnimation.java,True,False
pulse.audio.SoundPlayer,pulse/audio/SoundPlayer.java,True,False
pulse.auth.AccountServiceClient,pulse/auth/AccountServiceClient.java,True,False
pulse.auth.AccountServiceListener,pulse/auth/AccountServiceListener.java,True,False
pulse.auth.AccountServiceRecord,pulse/auth/AccountServiceRecord.java,True,False
pulse.auth.CryptoHandshakeWorker,pulse/auth/CryptoHandshakeWorker.java,True,False
pulse.auth.DeviceAuthClient,pulse/auth/DeviceAuthClient.java,True,False
pulse.auth.TokenCodec$TokenInfo,pulse/auth/TokenCodec.java,True,True
pulse.auth.TokenCodec,pulse/auth/TokenCodec.java,True,False
pulse.auth.TokenStorage,pulse/auth/TokenStorage.java,True,False
pulse.auth.UserInfo,pulse/auth/UserInfo.java,True,False
pulse.client.MinecraftContext,pulse/client/MinecraftContext.java,True,False
pulse.config.CloudConfigRepository$RemoteConfigRecord,pulse/config/CloudConfigRepository.java,True,True
pulse.config.CloudConfigRepository$SharedConfigRecord,pulse/config/CloudConfigRepository.java,True,True
pulse.config.CloudConfigRepository,pulse/config/CloudConfigRepository.java,True,False
pulse.config.ConfigEntry,pulse/config/ConfigEntry.java,True,False
pulse.config.ConfigJsonCodec,pulse/config/ConfigJsonCodec.java,True,False
pulse.config.ConfigManager,pulse/config/ConfigManager.java,True,False
pulse.config.ConfigProfile,pulse/config/ConfigProfile.java,True,False
pulse.config.ConfigState$ClientColorState,pulse/config/ConfigState.java,True,True
pulse.config.ConfigState$FriendHistoryState,pulse/config/ConfigState.java,True,True
pulse.config.ConfigState$HudElementState,pulse/config/ConfigState.java,True,True
pulse.config.ConfigState$MarkerOptionsState,pulse/config/ConfigState.java,True,True
pulse.config.ConfigState$ModuleState,pulse/config/ConfigState.java,True,True
pulse.config.ConfigState$NotificationSettingsState,pulse/config/ConfigState.java,True,True
pulse.config.ConfigState$NotificationState,pulse/config/ConfigState.java,True,True
pulse.config.ConfigState$SettingState,pulse/config/ConfigState.java,True,True
pulse.config.ConfigState,pulse/config/ConfigState.java,True,False
pulse.config.LocalConfigManager,pulse/config/LocalConfigManager.java,True,False
pulse.core.Bool,pulse/core/Bool.java,True,False
pulse.cosmetic.CapeResolver,pulse/cosmetic/CapeResolver.java,True,False
pulse.cosmetic.CapeTextureCache,pulse/cosmetic/CapeTextureCache.java,True,False
pulse.cosmetic.CosmeticFeatureRenderer,pulse/cosmetic/CosmeticFeatureRenderer.java,True,False
pulse.cosmetic.CosmeticModel,pulse/cosmetic/CosmeticModel.java,True,False
pulse.cosmetic.CosmeticModelLoader,pulse/cosmetic/CosmeticModelLoader.java,True,False
pulse.cosmetic.CosmeticModelRenderer$CompiledModel,pulse/cosmetic/CosmeticModelRenderer.java,True,True
pulse.cosmetic.CosmeticModelRenderer$PartPoseMap,pulse/cosmetic/CosmeticModelRenderer.java,True,True
pulse.cosmetic.CosmeticModelRenderer,pulse/cosmetic/CosmeticModelRenderer.java,True,False
pulse.cosmetic.CosmeticRenderController$AnonymousClass1,pulse/cosmetic/CosmeticRenderController.java,True,True
pulse.cosmetic.CosmeticRenderController,pulse/cosmetic/CosmeticRenderController.java,True,False
pulse.cosmetic.CosmeticRepository,pulse/cosmetic/CosmeticRepository.java,True,False
pulse.effects.ParticleRenderService$ParticleInstance,pulse/effects/ParticleRenderService.java,True,True
pulse.effects.ParticleRenderService$ParticleVertex,pulse/effects/ParticleRenderService.java,True,True
pulse.effects.ParticleRenderService,pulse/effects/ParticleRenderService.java,True,False
pulse.effects.PotionEffectService$EffectRequirement,pulse/effects/PotionEffectService.java,True,True
pulse.effects.PotionEffectService$PotionEffectInfo,pulse/effects/PotionEffectService.java,True,True
pulse.effects.PotionEffectService$PotionGroup,pulse/effects/PotionEffectService.java,True,True
pulse.effects.PotionEffectService,pulse/effects/PotionEffectService.java,True,False
pulse.entity.EntityFinder,pulse/entity/EntityFinder.java,True,False
pulse.entity.EntityTargetType,pulse/entity/EntityTargetType.java,True,False
pulse.entity.EntityUtils,pulse/entity/EntityUtils.java,True,False
pulse.events.AttackEntityEvent,pulse/events/AttackEntityEvent.java,True,False
pulse.events.BlockOutlineEvent,pulse/events/BlockOutlineEvent.java,True,False
pulse.events.CancellablePulseEvent,pulse/events/CancellablePulseEvent.java,True,False
pulse.events.ChatSendEvent,pulse/events/ChatSendEvent.java,True,False
pulse.events.ClientTickEvent,pulse/events/ClientTickEvent.java,True,False
pulse.events.CriticalHitEvent,pulse/events/CriticalHitEvent.java,True,False
pulse.events.DropItemEvent,pulse/events/DropItemEvent.java,True,False
pulse.events.EntityJumpEvent,pulse/events/EntityJumpEvent.java,True,False
pulse.events.EventBusService,pulse/events/EventBusService.java,True,False
pulse.events.GameJoinEvent,pulse/events/GameJoinEvent.java,True,False
pulse.events.HudRenderPostEvent,pulse/events/HudRenderPostEvent.java,True,False
pulse.events.HudRenderPreEvent,pulse/events/HudRenderPreEvent.java,True,False
pulse.events.ItemOverlayRenderEvent,pulse/events/ItemOverlayRenderEvent.java,True,False
pulse.events.ItemUseEvent,pulse/events/ItemUseEvent.java,True,False
pulse.events.ItemUseFinishEvent,pulse/events/ItemUseFinishEvent.java,True,False
pulse.events.KeyInputEvent,pulse/events/KeyInputEvent.java,True,False
pulse.events.LivingEntityRenderEvent,pulse/events/LivingEntityRenderEvent.java,True,False
pulse.events.MouseButtonEvent,pulse/events/MouseButtonEvent.java,True,False
pulse.events.MouseScrollEvent,pulse/events/MouseScrollEvent.java,True,False
pulse.events.MovementInputEvent,pulse/events/MovementInputEvent.java,True,False
pulse.events.PacketEvent$MessageDirection,pulse/events/PacketEvent.java,True,True
pulse.events.PacketEvent,pulse/events/PacketEvent.java,True,False
pulse.events.PlayerDeathEvent,pulse/events/PlayerDeathEvent.java,True,False
pulse.events.PlayerJoinEvent,pulse/events/PlayerJoinEvent.java,True,False
pulse.events.PlayerLeaveEvent,pulse/events/PlayerLeaveEvent.java,True,False
pulse.events.PulseEvent,pulse/events/PulseEvent.java,True,False
pulse.events.SoundPlayEvent,pulse/events/SoundPlayEvent.java,True,False
pulse.events.TotemPopEvent,pulse/events/TotemPopEvent.java,True,False
pulse.events.WorldChangeEvent,pulse/events/WorldChangeEvent.java,True,False
pulse.events.WorldClearEvent,pulse/events/WorldClearEvent.java,True,False
pulse.events.WorldRenderEndEvent,pulse/events/WorldRenderEndEvent.java,True,False
pulse.events.WorldRenderEvent,pulse/events/WorldRenderEvent.java,True,False
pulse.events.WorldRenderStartEvent,pulse/events/WorldRenderStartEvent.java,True,False
pulse.gui.config.ConfigActionMenu$Action,pulse/gui/config/ConfigActionMenu.java,True,True
pulse.gui.config.ConfigActionMenu,pulse/gui/config/ConfigActionMenu.java,True,False
pulse.gui.config.ConfigBoundsDialog,pulse/gui/config/ConfigBoundsDialog.java,True,False
pulse.gui.config.ConfigCard,pulse/gui/config/ConfigCard.java,True,False
pulse.gui.config.ConfigCreateDialog,pulse/gui/config/ConfigCreateDialog.java,True,False
pulse.gui.config.ConfigListPanel$1,pulse/gui/config/ConfigListPanel.java,True,True
pulse.gui.config.ConfigListPanel$AnonymousClass1,pulse/gui/config/ConfigListPanel.java,True,True
pulse.gui.config.ConfigListPanel$RenameCallback,pulse/gui/config/ConfigListPanel.java,True,True
pulse.gui.config.ConfigListPanel,pulse/gui/config/ConfigListPanel.java,True,False
pulse.gui.config.ConfigNameDialog,pulse/gui/config/ConfigNameDialog.java,True,False
pulse.gui.config.ConfigTextDialog,pulse/gui/config/ConfigTextDialog.java,True,False
pulse.gui.config.ConfigsTab,pulse/gui/config/ConfigsTab.java,True,False
pulse.gui.core.ClickGuiFrameOverlay,pulse/gui/core/ClickGuiFrameOverlay.java,True,False
pulse.gui.core.ClickGuiInteractionHelper,pulse/gui/core/ClickGuiInteractionHelper.java,True,False
pulse.gui.core.ClickGuiKeyBinding,pulse/gui/core/ClickGuiKeyBinding.java,True,False
pulse.gui.core.ClickGuiOverlay,pulse/gui/core/ClickGuiOverlay.java,True,False
pulse.gui.core.ClickGuiTab,pulse/gui/core/ClickGuiTab.java,True,False
pulse.gui.core.ClickGuiTabType,pulse/gui/core/ClickGuiTabType.java,True,False
pulse.gui.core.DockPanelController$Dock,pulse/gui/core/DockPanelController.java,True,True
pulse.gui.core.DockPanelController,pulse/gui/core/DockPanelController.java,True,False
pulse.gui.core.ForwardingScreen$Payload,pulse/gui/core/ForwardingScreen.java,True,True
pulse.gui.core.ForwardingScreen,pulse/gui/core/ForwardingScreen.java,True,False
pulse.gui.core.GuiEntry,pulse/gui/core/GuiEntry.java,True,False
pulse.gui.core.GuiEntrySource,pulse/gui/core/GuiEntrySource.java,True,False
pulse.gui.core.GuiInput,pulse/gui/core/GuiInput.java,True,False
pulse.gui.core.GuiInteractionState,pulse/gui/core/GuiInteractionState.java,True,False
pulse.gui.core.GuiLayerRegistry$Layer,pulse/gui/core/GuiLayerRegistry.java,True,True
pulse.gui.core.GuiLayerRegistry$LayerEntry,pulse/gui/core/GuiLayerRegistry.java,True,True
pulse.gui.core.GuiLayerRegistry,pulse/gui/core/GuiLayerRegistry.java,True,False
pulse.gui.core.PanelFadeOverlay,pulse/gui/core/PanelFadeOverlay.java,True,False
pulse.gui.core.PulseClickGuiScreen,pulse/gui/core/PulseClickGuiScreen.java,True,False
pulse.gui.core.PulseLogoOverlay,pulse/gui/core/PulseLogoOverlay.java,True,False
pulse.gui.core.TabHost,pulse/gui/core/TabHost.java,True,False
pulse.gui.core.TabSelector,pulse/gui/core/TabSelector.java,True,False
pulse.gui.events.EventCard,pulse/gui/events/EventCard.java,True,False
pulse.gui.events.EventInfo$EventKind,pulse/gui/events/EventInfo.java,True,True
pulse.gui.events.EventInfo$EventState,pulse/gui/events/EventInfo.java,True,True
pulse.gui.events.EventInfo$Rarity,pulse/gui/events/EventInfo.java,True,True
pulse.gui.events.EventInfo,pulse/gui/events/EventInfo.java,True,False
pulse.gui.events.EventsPanel,pulse/gui/events/EventsPanel.java,True,False
pulse.gui.events.EventsTab,pulse/gui/events/EventsTab.java,True,False
pulse.gui.friends.FriendCard,pulse/gui/friends/FriendCard.java,True,False
pulse.gui.friends.FriendLookup,pulse/gui/friends/FriendLookup.java,True,False
pulse.gui.friends.FriendsPanel,pulse/gui/friends/FriendsPanel.java,True,False
pulse.gui.friends.FriendsTab,pulse/gui/friends/FriendsTab.java,True,False
pulse.gui.friends.HistoryEntry,pulse/gui/friends/HistoryEntry.java,True,False
pulse.gui.markers.MarkersTab$AddMarkerEntry,pulse/gui/markers/MarkersTab.java,True,True
pulse.gui.markers.MarkersTab$MarkerEntrySource,pulse/gui/markers/MarkersTab.java,True,True
pulse.gui.markers.MarkersTab$MarkerHeaderEntry,pulse/gui/markers/MarkersTab.java,True,True
pulse.gui.markers.MarkersTab$MarkerToggleEntry,pulse/gui/markers/MarkersTab.java,True,True
pulse.gui.markers.MarkersTab,pulse/gui/markers/MarkersTab.java,True,False
pulse.gui.menu.PulseGameMenuScreen,pulse/gui/menu/PulseGameMenuScreen.java,True,False
pulse.gui.menu.PulseKeybindManagerScreen$BindItem,pulse/gui/menu/PulseKeybindManagerScreen.java,True,True
pulse.gui.menu.PulseKeybindManagerScreen,pulse/gui/menu/PulseKeybindManagerScreen.java,True,False
pulse.gui.menu.PulseMainMenuScreen,pulse/gui/menu/PulseMainMenuScreen.java,True,False
pulse.gui.modules.ModuleCard$AnonymousClass1,pulse/gui/modules/ModuleCard.java,True,True
pulse.gui.modules.ModuleCard$VerticalAlign,pulse/gui/modules/ModuleCard.java,True,True
pulse.gui.modules.ModuleCard,pulse/gui/modules/ModuleCard.java,True,False
pulse.gui.modules.ModuleCardList,pulse/gui/modules/ModuleCardList.java,True,False
pulse.gui.modules.ModuleGrid,pulse/gui/modules/ModuleGrid.java,True,False
pulse.gui.modules.ModuleRowRenderer$RowAnimationState,pulse/gui/modules/ModuleRowRenderer.java,True,True
pulse.gui.modules.ModuleRowRenderer$RowRenderResult,pulse/gui/modules/ModuleRowRenderer.java,True,True
pulse.gui.modules.ModuleRowRenderer,pulse/gui/modules/ModuleRowRenderer.java,True,False
pulse.gui.modules.ModuleSettingsOverlay,pulse/gui/modules/ModuleSettingsOverlay.java,True,False
pulse.gui.modules.ModuleSettingsPanel,pulse/gui/modules/ModuleSettingsPanel.java,True,False
pulse.gui.modules.ModulesTab$ModuleEntry,pulse/gui/modules/ModulesTab.java,True,True
pulse.gui.modules.ModulesTab,pulse/gui/modules/ModulesTab.java,True,False
pulse.gui.notifications.NotificationCard,pulse/gui/notifications/NotificationCard.java,True,False
pulse.gui.notifications.NotificationEditorPanel,pulse/gui/notifications/NotificationEditorPanel.java,True,False
pulse.gui.notifications.NotificationIconPicker,pulse/gui/notifications/NotificationIconPicker.java,True,False
pulse.gui.notifications.NotificationListPanel,pulse/gui/notifications/NotificationListPanel.java,True,False
pulse.gui.settings.BooleanSettingWidget,pulse/gui/settings/BooleanSettingWidget.java,True,False
pulse.gui.settings.ColorSettingWidget,pulse/gui/settings/ColorSettingWidget.java,True,False
pulse.gui.settings.ItemToggleSettingWidget,pulse/gui/settings/ItemToggleSettingWidget.java,True,False
pulse.gui.settings.KeyBindSettingWidget,pulse/gui/settings/KeyBindSettingWidget.java,True,False
pulse.gui.settings.ModeSettingWidget,pulse/gui/settings/ModeSettingWidget.java,True,False
pulse.gui.settings.SettingGroupWidget,pulse/gui/settings/SettingGroupWidget.java,True,False
pulse.gui.settings.SettingWidget,pulse/gui/settings/SettingWidget.java,True,False
pulse.gui.settings.SettingWidgetList,pulse/gui/settings/SettingWidgetList.java,True,False
pulse.gui.settings.SliderSettingWidget,pulse/gui/settings/SliderSettingWidget.java,True,False
pulse.gui.settings.TokenSettingWidget$ValueType,pulse/gui/settings/TokenSettingWidget.java,True,True
pulse.gui.settings.TokenSettingWidget,pulse/gui/settings/TokenSettingWidget.java,True,False
pulse.gui.widgets.ColorPickerPopup$Edge,pulse/gui/widgets/ColorPickerPopup.java,True,True
pulse.gui.widgets.ColorPickerPopup,pulse/gui/widgets/ColorPickerPopup.java,True,False
pulse.gui.widgets.CoordinateInputPanel,pulse/gui/widgets/CoordinateInputPanel.java,True,False
pulse.gui.widgets.ScrollBar,pulse/gui/widgets/ScrollBar.java,True,False
pulse.gui.widgets.SearchBox,pulse/gui/widgets/SearchBox.java,True,False
pulse.gui.widgets.SettingsIconButton,pulse/gui/widgets/SettingsIconButton.java,True,False
pulse.gui.widgets.TextInput$InputType,pulse/gui/widgets/TextInput.java,True,True
pulse.gui.widgets.TextInput,pulse/gui/widgets/TextInput.java,True,False
pulse.hud.core.HudElement,pulse/hud/core/HudElement.java,True,False
pulse.hud.core.HudElementManager$AnonymousClass1,pulse/hud/core/HudElementManager.java,True,True
pulse.hud.core.HudElementManager$Holder,pulse/hud/core/HudElementManager.java,True,True
pulse.hud.core.HudElementManager,pulse/hud/core/HudElementManager.java,True,False
pulse.hud.core.HudElementPlacement,pulse/hud/core/HudElementPlacement.java,True,False
pulse.hud.core.HudElementPositionSnapshot,pulse/hud/core/HudElementPositionSnapshot.java,True,False
pulse.hud.core.HudIcons,pulse/hud/core/HudIcons.java,True,False
pulse.hud.core.HudService,pulse/hud/core/HudService.java,True,False
pulse.hud.core.HudServiceInfo,pulse/hud/core/HudServiceInfo.java,True,False
pulse.hud.core.HudServiceRegistry,pulse/hud/core/HudServiceRegistry.java,True,False
pulse.hud.elements.BossbarHudElement,pulse/hud/elements/BossbarHudElement.java,True,False
pulse.hud.elements.CooldownsHudElement$ActiveCooldownEntry,pulse/hud/elements/CooldownsHudElement.java,True,True
pulse.hud.elements.CooldownsHudElement$CooldownDefinition,pulse/hud/elements/CooldownsHudElement.java,True,True
pulse.hud.elements.CooldownsHudElement$CooldownSnapshot,pulse/hud/elements/CooldownsHudElement.java,True,True
pulse.hud.elements.CooldownsHudElement,pulse/hud/elements/CooldownsHudElement.java,True,False
pulse.hud.elements.HotkeysHudElement$ActiveHotkeyEntry,pulse/hud/elements/HotkeysHudElement.java,True,True
pulse.hud.elements.HotkeysHudElement$HotkeyPlaceholder,pulse/hud/elements/HotkeysHudElement.java,True,True
pulse.hud.elements.HotkeysHudElement$HotkeySnapshot,pulse/hud/elements/HotkeysHudElement.java,True,True
pulse.hud.elements.HotkeysHudElement,pulse/hud/elements/HotkeysHudElement.java,True,False
pulse.hud.elements.InventoryHudElement,pulse/hud/elements/InventoryHudElement.java,True,False
pulse.hud.elements.PotionsHudElement$ActiveEffectEntry,pulse/hud/elements/PotionsHudElement.java,True,True
pulse.hud.elements.PotionsHudElement$ActivePotionEntry,pulse/hud/elements/PotionsHudElement.java,True,True
pulse.hud.elements.PotionsHudElement$EffectEntry,pulse/hud/elements/PotionsHudElement.java,True,True
pulse.hud.elements.PotionsHudElement$PotionDefinition,pulse/hud/elements/PotionsHudElement.java,True,True
pulse.hud.elements.PotionsHudElement$PotionSnapshot,pulse/hud/elements/PotionsHudElement.java,True,True
pulse.hud.elements.PotionsHudElement,pulse/hud/elements/PotionsHudElement.java,True,False
pulse.hud.elements.SaturationHudElement,pulse/hud/elements/SaturationHudElement.java,True,False
pulse.hud.elements.ScoreboardHudElement,pulse/hud/elements/ScoreboardHudElement.java,True,False
pulse.hud.elements.TargetHudElement,pulse/hud/elements/TargetHudElement.java,True,False
pulse.hud.elements.TotemsHudElement,pulse/hud/elements/TotemsHudElement.java,True,False
pulse.hud.elements.WatermarkHudElement,pulse/hud/elements/WatermarkHudElement.java,True,False
pulse.hud.notifications.ActionNotification$Builder,pulse/hud/notifications/ActionNotification.java,True,True
pulse.hud.notifications.ActionNotification$NotificationType,pulse/hud/notifications/ActionNotification.java,True,True
pulse.hud.notifications.ActionNotification,pulse/hud/notifications/ActionNotification.java,True,False
pulse.hud.notifications.HudNotification,pulse/hud/notifications/HudNotification.java,True,False
pulse.hud.notifications.HudNotificationCenter,pulse/hud/notifications/HudNotificationCenter.java,True,False
pulse.hud.notifications.HudNotificationSettingsPanel,pulse/hud/notifications/HudNotificationSettingsPanel.java,True,False
pulse.hud.notifications.MediaPlaybackCardNotification,pulse/hud/notifications/MediaPlaybackCardNotification.java,True,False
pulse.hud.notifications.MediaPlaybackNotification,pulse/hud/notifications/MediaPlaybackNotification.java,True,False
pulse.hud.notifications.Notification$Icon,pulse/hud/notifications/Notification.java,True,True
pulse.hud.notifications.Notification,pulse/hud/notifications/Notification.java,True,False
pulse.hud.notifications.NotificationStore,pulse/hud/notifications/NotificationStore.java,True,False
pulse.hud.notifications.TextNotification,pulse/hud/notifications/TextNotification.java,True,False
pulse.hud.notifications.ToggleTextNotification,pulse/hud/notifications/ToggleTextNotification.java,True,False
pulse.hud.notifications.WatermarkOverlay,pulse/hud/notifications/WatermarkOverlay.java,True,False
pulse.hud.snap.HudSnapCalculator$SnapCandidate,pulse/hud/snap/HudSnapCalculator.java,True,True
pulse.hud.snap.HudSnapCalculator,pulse/hud/snap/HudSnapCalculator.java,True,False
pulse.hud.snap.HudSnapGuide$Anchor,pulse/hud/snap/HudSnapGuide.java,True,True
pulse.hud.snap.HudSnapGuide$Orientation,pulse/hud/snap/HudSnapGuide.java,True,True
pulse.hud.snap.HudSnapGuide,pulse/hud/snap/HudSnapGuide.java,True,False
pulse.hud.snap.HudSnapResult,pulse/hud/snap/HudSnapResult.java,True,False
pulse.inventory.CooldownInfo$ActiveGroupCooldown,pulse/inventory/CooldownInfo.java,True,True
pulse.inventory.CooldownInfo$ItemCooldownSnapshot,pulse/inventory/CooldownInfo.java,True,True
pulse.inventory.CooldownInfo,pulse/inventory/CooldownInfo.java,True,False
pulse.inventory.InventoryFinder,pulse/inventory/InventoryFinder.java,True,False
pulse.markers.MapMarker$Icon,pulse/markers/MapMarker.java,True,True
pulse.markers.MapMarker,pulse/markers/MapMarker.java,True,False
pulse.markers.MapMarkerModule,pulse/markers/MapMarkerModule.java,True,False
pulse.markers.MapMarkerRenderer,pulse/markers/MapMarkerRenderer.java,True,False
pulse.markers.MapMarkerStyle,pulse/markers/MapMarkerStyle.java,True,False
pulse.markers.MarkerManager,pulse/markers/MarkerManager.java,True,False
pulse.markers.MarkerOptions,pulse/markers/MarkerOptions.java,True,False
pulse.markers.MarkerProvider,pulse/markers/MarkerProvider.java,True,False
pulse.markers.MarkerSettings,pulse/markers/MarkerSettings.java,True,False
pulse.markers.providers.AbstractEventMarkerProvider,pulse/markers/providers/AbstractEventMarkerProvider.java,True,False
pulse.markers.providers.ActiveEventMarkerProvider,pulse/markers/providers/ActiveEventMarkerProvider.java,True,False
pulse.markers.providers.EventDelayMarkerProvider,pulse/markers/providers/EventDelayMarkerProvider.java,True,False
pulse.markers.providers.EventsCommandMarkerProvider,pulse/markers/providers/EventsCommandMarkerProvider.java,True,False
pulse.media.MediaPlaybackState,pulse/media/MediaPlaybackState.java,True,False
pulse.media.MediaSessionService$MediaSnapshot,pulse/media/MediaSessionService.java,True,True
pulse.media.MediaSessionService,pulse/media/MediaSessionService.java,True,False
pulse.media.chat.ChatMessages,pulse/media/chat/ChatMessages.java,True,False
pulse.model.BedrockModelParser,pulse/model/BedrockModelParser.java,True,False
pulse.model.ModelCube,pulse/model/ModelCube.java,True,False
pulse.model.ModelDefinition,pulse/model/ModelDefinition.java,True,False
pulse.model.ModelPart,pulse/model/ModelPart.java,True,False
pulse.model.ModelTransformApplier,pulse/model/ModelTransformApplier.java,True,False
pulse.model.ModelVector,pulse/model/ModelVector.java,True,False
pulse.model.ModelVertex,pulse/model/ModelVertex.java,True,False
pulse.model.ModelVertexUv,pulse/model/ModelVertexUv.java,True,False
pulse.module.ClientModule,pulse/module/ClientModule.java,True,False
pulse.module.ModuleAccessService,pulse/module/ModuleAccessService.java,True,False
pulse.module.ModuleCategory,pulse/module/ModuleCategory.java,True,False
pulse.module.ModuleInfo,pulse/module/ModuleInfo.java,True,False
pulse.module.ModuleRegistry,pulse/module/ModuleRegistry.java,True,False
pulse.modules.hud.ArmorHud,pulse/modules/hud/ArmorHud.java,True,False
pulse.modules.hud.BossbarHud,pulse/modules/hud/BossbarHud.java,True,False
pulse.modules.hud.ClientColor,pulse/modules/hud/ClientColor.java,True,False
pulse.modules.hud.CooldownsHud,pulse/modules/hud/CooldownsHud.java,True,False
pulse.modules.hud.EffectNotify,pulse/modules/hud/EffectNotify.java,True,False
pulse.modules.hud.HotkeysHud,pulse/modules/hud/HotkeysHud.java,True,False
pulse.modules.hud.InventoryHud,pulse/modules/hud/InventoryHud.java,True,False
pulse.modules.hud.PotionsHud,pulse/modules/hud/PotionsHud.java,True,False
pulse.modules.hud.SaturationHud,pulse/modules/hud/SaturationHud.java,True,False
pulse.modules.hud.ScoreboardHud,pulse/modules/hud/ScoreboardHud.java,True,False
pulse.modules.hud.TargetHud,pulse/modules/hud/TargetHud.java,True,False
pulse.modules.hud.TntTimer,pulse/modules/hud/TntTimer.java,True,False
pulse.modules.hud.TotemsHud,pulse/modules/hud/TotemsHud.java,True,False
pulse.modules.hud.Watermark,pulse/modules/hud/Watermark.java,True,False
pulse.modules.utilities.ArmorNotifier,pulse/modules/utilities/ArmorNotifier.java,True,False
pulse.modules.utilities.AucHelper$State,pulse/modules/utilities/AucHelper.java,True,True
pulse.modules.utilities.AucHelper,pulse/modules/utilities/AucHelper.java,True,False
pulse.modules.utilities.AutoDuel,pulse/modules/utilities/AutoDuel.java,True,False
pulse.modules.utilities.AutoEat,pulse/modules/utilities/AutoEat.java,True,False
pulse.modules.utilities.AutoInvest,pulse/modules/utilities/AutoInvest.java,True,False
pulse.modules.utilities.AutoLeave,pulse/modules/utilities/AutoLeave.java,True,False
pulse.modules.utilities.AutoPotion,pulse/modules/utilities/AutoPotion.java,True,False
pulse.modules.utilities.AutoReconnect,pulse/modules/utilities/AutoReconnect.java,True,False
pulse.modules.utilities.AutoReissue,pulse/modules/utilities/AutoReissue.java,True,False
pulse.modules.utilities.AutoRespawn,pulse/modules/utilities/AutoRespawn.java,True,False
pulse.modules.utilities.ChatHelper,pulse/modules/utilities/ChatHelper.java,True,False
pulse.modules.utilities.ChestSorter$SortMode,pulse/modules/utilities/ChestSorter.java,True,True
pulse.modules.utilities.ChestSorter,pulse/modules/utilities/ChestSorter.java,True,False
pulse.modules.utilities.CommandSafe,pulse/modules/utilities/CommandSafe.java,True,False
pulse.modules.utilities.Cooldowns,pulse/modules/utilities/Cooldowns.java,True,False
pulse.modules.utilities.DeathMarker,pulse/modules/utilities/DeathMarker.java,True,False
pulse.modules.utilities.ElytraSwap,pulse/modules/utilities/ElytraSwap.java,True,False
pulse.modules.utilities.FakePlayer,pulse/modules/utilities/FakePlayer.java,True,False
pulse.modules.utilities.FastEXP,pulse/modules/utilities/FastEXP.java,True,False
pulse.modules.utilities.FastSwap$ItemSwapRule,pulse/modules/utilities/FastSwap.java,True,True
pulse.modules.utilities.FastSwap,pulse/modules/utilities/FastSwap.java,True,False
pulse.modules.utilities.FcHelper,pulse/modules/utilities/FcHelper.java,True,False
pulse.modules.utilities.FreeLook,pulse/modules/utilities/FreeLook.java,True,False
pulse.modules.utilities.FtHelper,pulse/modules/utilities/FtHelper.java,True,False
pulse.modules.utilities.GpsCommand,pulse/modules/utilities/GpsCommand.java,True,False
pulse.modules.utilities.GpsConfigManager,pulse/modules/utilities/GpsConfigManager.java,True,False
pulse.modules.utilities.HealingHelper,pulse/modules/utilities/HealingHelper.java,True,False
pulse.modules.utilities.HwHelper,pulse/modules/utilities/HwHelper.java,True,False
pulse.modules.utilities.ItemHighlighter$ChangeType,pulse/modules/utilities/ItemHighlighter.java,True,True
pulse.modules.utilities.ItemHighlighter,pulse/modules/utilities/ItemHighlighter.java,True,False
pulse.modules.utilities.ItemPickupLogger$TrackedItem,pulse/modules/utilities/ItemPickupLogger.java,True,True
pulse.modules.utilities.ItemPickupLogger,pulse/modules/utilities/ItemPickupLogger.java,True,False
pulse.modules.utilities.ItemScroller,pulse/modules/utilities/ItemScroller.java,True,False
pulse.modules.utilities.ItemSwap,pulse/modules/utilities/ItemSwap.java,True,False
pulse.modules.utilities.LockSlot,pulse/modules/utilities/LockSlot.java,True,False
pulse.modules.utilities.MaceHelper,pulse/modules/utilities/MaceHelper.java,True,False
pulse.modules.utilities.Optimization,pulse/modules/utilities/Optimization.java,True,False
pulse.modules.utilities.Predictions$ProjectileType,pulse/modules/utilities/Predictions.java,True,True
pulse.modules.utilities.Predictions$Trajectory,pulse/modules/utilities/Predictions.java,True,True
pulse.modules.utilities.Predictions,pulse/modules/utilities/Predictions.java,True,False
pulse.modules.utilities.PvpSafe,pulse/modules/utilities/PvpSafe.java,True,False
pulse.modules.utilities.RwHelper,pulse/modules/utilities/RwHelper.java,True,False
pulse.modules.utilities.RwJoiner,pulse/modules/utilities/RwJoiner.java,True,False
pulse.modules.utilities.ShiftTab,pulse/modules/utilities/ShiftTab.java,True,False
pulse.modules.utilities.SoundController$SoundVolumeBinding,pulse/modules/utilities/SoundController.java,True,True
pulse.modules.utilities.SoundController,pulse/modules/utilities/SoundController.java,True,False
pulse.modules.utilities.Sprint,pulse/modules/utilities/Sprint.java,True,False
pulse.modules.utilities.StreamerMode,pulse/modules/utilities/StreamerMode.java,True,False
pulse.modules.utilities.TapeMouse,pulse/modules/utilities/TapeMouse.java,True,False
pulse.modules.utilities.TotemTracker,pulse/modules/utilities/TotemTracker.java,True,False
pulse.modules.utilities.Zoom,pulse/modules/utilities/Zoom.java,True,False
pulse.modules.visuals.Animations,pulse/modules/visuals/Animations.java,True,False
pulse.modules.visuals.ArrowNametag,pulse/modules/visuals/ArrowNametag.java,True,False
pulse.modules.visuals.AspectRatio,pulse/modules/visuals/AspectRatio.java,True,False
pulse.modules.visuals.Atmosphere,pulse/modules/visuals/Atmosphere.java,True,False
pulse.modules.visuals.BlockOverlay,pulse/modules/visuals/BlockOverlay.java,True,False
pulse.modules.visuals.BodyGlow,pulse/modules/visuals/BodyGlow.java,True,False
pulse.modules.visuals.ChinaHat,pulse/modules/visuals/ChinaHat.java,True,False
pulse.modules.visuals.Crosshair,pulse/modules/visuals/Crosshair.java,True,False
pulse.modules.visuals.CustomHand,pulse/modules/visuals/CustomHand.java,True,False
pulse.modules.visuals.FullBright,pulse/modules/visuals/FullBright.java,True,False
pulse.modules.visuals.Halo,pulse/modules/visuals/Halo.java,True,False
pulse.modules.visuals.HitBubble$BubbleParticle,pulse/modules/visuals/HitBubble.java,True,True
pulse.modules.visuals.HitBubble,pulse/modules/visuals/HitBubble.java,True,False
pulse.modules.visuals.HitColor,pulse/modules/visuals/HitColor.java,True,False
pulse.modules.visuals.HitRange,pulse/modules/visuals/HitRange.java,True,False
pulse.modules.visuals.HitSounds,pulse/modules/visuals/HitSounds.java,True,False
pulse.modules.visuals.HitboxCustomizer,pulse/modules/visuals/HitboxCustomizer.java,True,False
pulse.modules.visuals.ItemPhysics,pulse/modules/visuals/ItemPhysics.java,True,False
pulse.modules.visuals.JumpCircles$Circle,pulse/modules/visuals/JumpCircles.java,True,True
pulse.modules.visuals.JumpCircles,pulse/modules/visuals/JumpCircles.java,True,False
pulse.modules.visuals.KillEffect,pulse/modules/visuals/KillEffect.java,True,False
pulse.modules.visuals.MotionBlur,pulse/modules/visuals/MotionBlur.java,True,False
pulse.modules.visuals.Nimb,pulse/modules/visuals/Nimb.java,True,False
pulse.modules.visuals.NoFluid,pulse/modules/visuals/NoFluid.java,True,False
pulse.modules.visuals.Particles,pulse/modules/visuals/Particles.java,True,False
pulse.modules.visuals.RenderTweaks,pulse/modules/visuals/RenderTweaks.java,True,False
pulse.modules.visuals.SelfNametag,pulse/modules/visuals/SelfNametag.java,True,False
pulse.modules.visuals.ShulkerPreview,pulse/modules/visuals/ShulkerPreview.java,True,False
pulse.modules.visuals.ShulkerPreviewRenderer,pulse/modules/visuals/ShulkerPreviewRenderer.java,True,False
pulse.modules.visuals.TabCustomizer,pulse/modules/visuals/TabCustomizer.java,True,False
pulse.modules.visuals.TargetEsp,pulse/modules/visuals/TargetEsp.java,True,False
pulse.modules.visuals.Trails$TrailPoint,pulse/modules/visuals/Trails.java,True,True
pulse.modules.visuals.Trails,pulse/modules/visuals/Trails.java,True,False
pulse.modules.visuals.WorldCustomizer,pulse/modules/visuals/WorldCustomizer.java,True,False
pulse.modules.visuals.WorldParticles,pulse/modules/visuals/WorldParticles.java,True,False
pulse.player.CombatState$PvpStatus,pulse/player/CombatState.java,True,True
pulse.player.CombatState,pulse/player/CombatState.java,True,False
pulse.player.PlayerListCache,pulse/player/PlayerListCache.java,True,False
pulse.player.PlayerListTracker,pulse/player/PlayerListTracker.java,True,False
pulse.player.PulsePlayerTracker,pulse/player/PulsePlayerTracker.java,True,False
pulse.player.TargetTracker,pulse/player/TargetTracker.java,True,False
pulse.render.AlphaVertexConsumer,pulse/render/AlphaVertexConsumer.java,True,False
pulse.render.AlphaVertexConsumerProvider,pulse/render/AlphaVertexConsumerProvider.java,True,False
pulse.render.ArmorRenderState,pulse/render/ArmorRenderState.java,True,False
pulse.render.AttachmentPoint,pulse/render/AttachmentPoint.java,True,False
pulse.render.BlendRenderScope,pulse/render/BlendRenderScope.java,True,False
pulse.render.CustomHandShaderCapture,pulse/render/CustomHandShaderCapture.java,True,False
pulse.render.CustomHandShaderConsumer,pulse/render/CustomHandShaderConsumer.java,True,False
pulse.render.FramebufferCapture,pulse/render/FramebufferCapture.java,True,False
pulse.render.HandRenderState,pulse/render/HandRenderState.java,True,False
pulse.render.MaceHelperHandConsumer,pulse/render/MaceHelperHandConsumer.java,True,False
pulse.render.MatrixTransformStack,pulse/render/MatrixTransformStack.java,True,False
pulse.render.NativeImagePointerAccessor,pulse/render/NativeImagePointerAccessor.java,True,False
pulse.render.RenderFrameTimer,pulse/render/RenderFrameTimer.java,True,False
pulse.render.RenderSystemHelper,pulse/render/RenderSystemHelper.java,True,False
pulse.render.Renderer2D,pulse/render/Renderer2D.java,True,False
pulse.render.Renderer2DImpl,pulse/render/Renderer2DImpl.java,True,False
pulse.render.ScissorStack$ScissorBounds,pulse/render/ScissorStack.java,True,True
pulse.render.ScissorStack,pulse/render/ScissorStack.java,True,False
pulse.render.ScreenPoint,pulse/render/ScreenPoint.java,True,False
pulse.render.ScreenScale,pulse/render/ScreenScale.java,True,False
pulse.render.Test10,pulse/render/Test10.java,True,False
pulse.render.Test11,pulse/render/Test11.java,True,False
pulse.render.Test12,pulse/render/Test12.java,True,False
pulse.render.Test13,pulse/render/Test13.java,True,False
pulse.render.Test14,pulse/render/Test14.java,True,False
pulse.render.Test15,pulse/render/Test15.java,True,False
pulse.render.Test16,pulse/render/Test16.java,True,False
pulse.render.Test17,pulse/render/Test17.java,True,False
pulse.render.Test3,pulse/render/Test3.java,True,False
pulse.render.Test4,pulse/render/Test4.java,True,False
pulse.render.Test5,pulse/render/Test5.java,True,False
pulse.render.Test6,pulse/render/Test6.java,True,False
pulse.render.Test7,pulse/render/Test7.java,True,False
pulse.render.Test8,pulse/render/Test8.java,True,False
pulse.render.Test9,pulse/render/Test9.java,True,False
pulse.render.font.FontGlyph,pulse/render/font/FontGlyph.java,True,False
pulse.render.font.FontGlyphAtlas,pulse/render/font/FontGlyphAtlas.java,True,False
pulse.render.font.FontManager,pulse/render/font/FontManager.java,True,False
pulse.render.font.FontRenderer$GlyphPredicate,pulse/render/font/FontRenderer.java,True,True
pulse.render.font.FontRenderer,pulse/render/font/FontRenderer.java,True,False
pulse.render.font.GlyphDrawEntry,pulse/render/font/GlyphDrawEntry.java,True,False
pulse.render.font.GradientGlyphDrawEntry,pulse/render/font/GradientGlyphDrawEntry.java,True,False
pulse.render.icons.IconGlyphs,pulse/render/icons/IconGlyphs.java,True,False
pulse.render.icons.IconTextureRegistry$TextureInfo,pulse/render/icons/IconTextureRegistry.java,True,True
pulse.render.icons.IconTextureRegistry,pulse/render/icons/IconTextureRegistry.java,True,False
pulse.render.motionblur.MotionBlurManager,pulse/render/motionblur/MotionBlurManager.java,True,False
pulse.render.motionblur.PostEffectShader,pulse/render/motionblur/PostEffectShader.java,True,False
pulse.render.shader.PulseShaderBuilder$Stage,pulse/render/shader/PulseShaderBuilder.java,True,True
pulse.render.shader.PulseShaderBuilder,pulse/render/shader/PulseShaderBuilder.java,True,False
pulse.render.shader.PulseShaderProgram,pulse/render/shader/PulseShaderProgram.java,True,False
pulse.render.shader.ShaderLibrary,pulse/render/shader/ShaderLibrary.java,True,False
pulse.render.shader.ShaderRegistry,pulse/render/shader/ShaderRegistry.java,True,False
pulse.render.shader.SkyShaderRenderer,pulse/render/shader/SkyShaderRenderer.java,True,False
pulse.render.system.ClientPipelines,pulse/render/system/ClientPipelines.java,True,False
pulse.render.world.WorldRenderUtils,pulse/render/world/WorldRenderUtils.java,True,False
pulse.render.world.WorldToScreen,pulse/render/world/WorldToScreen.java,True,False
pulse.settings.BooleanSetting,pulse/settings/BooleanSetting.java,True,False
pulse.settings.ColorSetting,pulse/settings/ColorSetting.java,True,False
pulse.settings.ItemToggleSetting,pulse/settings/ItemToggleSetting.java,True,False
pulse.settings.KeySetting,pulse/settings/KeySetting.java,True,False
pulse.settings.ModeSetting,pulse/settings/ModeSetting.java,True,False
pulse.settings.Setting,pulse/settings/Setting.java,True,False
pulse.settings.SettingGroup,pulse/settings/SettingGroup.java,True,False
pulse.settings.SliderSetting,pulse/settings/SliderSetting.java,True,False
pulse.settings.StringSetting,pulse/settings/StringSetting.java,True,False
pulse.settings.TextSetting,pulse/settings/TextSetting.java,True,False
pulse.settings.TokenSetting$TokenType,pulse/settings/TokenSetting.java,True,True
pulse.settings.TokenSetting,pulse/settings/TokenSetting.java,True,False
pulse.theme.Theme,pulse/theme/Theme.java,True,False
pulse.util.ColorUtils,pulse/util/ColorUtils.java,True,False
pulse.util.ElapsedTimer,pulse/util/ElapsedTimer.java,True,False
pulse.util.KeyNameFormatter,pulse/util/KeyNameFormatter.java,True,False
pulse.util.MarqueeText,pulse/util/MarqueeText.java,True,False
pulse.util.ResourceTextReader,pulse/util/ResourceTextReader.java,True,False
pulse.util.sound.VolumeScaledSoundInstance,pulse/util/sound/VolumeScaledSoundInstance.java,True,False
ru.pulse.Pulse,ru/pulse/Pulse.java,True,False
ru.pulse.mixin.AbstractClientPlayerEntityMixin,ru/pulse/mixin/AbstractClientPlayerEntityMixin.java,True,False
ru.pulse.mixin.ArmorFeatureRendererMixin,ru/pulse/mixin/ArmorFeatureRendererMixin.java,True,False
ru.pulse.mixin.BackgroundRendererMixin,ru/pulse/mixin/BackgroundRendererMixin.java,True,False
ru.pulse.mixin.BiomeMixin,ru/pulse/mixin/BiomeMixin.java,True,False
ru.pulse.mixin.BlockOutlineMixin,ru/pulse/mixin/BlockOutlineMixin.java,True,False
ru.pulse.mixin.BossBarHudMixin,ru/pulse/mixin/BossBarHudMixin.java,True,False
ru.pulse.mixin.CameraMixin,ru/pulse/mixin/CameraMixin.java,True,False
ru.pulse.mixin.ChatHudMixin,ru/pulse/mixin/ChatHudMixin.java,True,False
ru.pulse.mixin.ChatScreenMixin,ru/pulse/mixin/ChatScreenMixin.java,True,False
ru.pulse.mixin.ClientConnectionMixin,ru/pulse/mixin/ClientConnectionMixin.java,True,False
ru.pulse.mixin.ClientPlayerEntityMixin,ru/pulse/mixin/ClientPlayerEntityMixin.java,True,False
ru.pulse.mixin.ClientPlayerInteractionManagerMixin,ru/pulse/mixin/ClientPlayerInteractionManagerMixin.java,True,False
ru.pulse.mixin.ClientWorldMixin,ru/pulse/mixin/ClientWorldMixin.java,True,False
ru.pulse.mixin.ClientWorldPropertiesMixin,ru/pulse/mixin/ClientWorldPropertiesMixin.java,True,False
ru.pulse.mixin.CosmeticRendererMixin,ru/pulse/mixin/CosmeticRendererMixin.java,True,False
ru.pulse.mixin.DebugHudMixin,ru/pulse/mixin/DebugHudMixin.java,True,False
ru.pulse.mixin.DrawContextMixin,ru/pulse/mixin/DrawContextMixin.java,True,False
ru.pulse.mixin.EntityMixin,ru/pulse/mixin/EntityMixin.java,True,False
ru.pulse.mixin.EntityRendererHitboxMixin,ru/pulse/mixin/EntityRendererHitboxMixin.java,True,False
ru.pulse.mixin.EntityRendererMixin,ru/pulse/mixin/EntityRendererMixin.java,True,False
ru.pulse.mixin.EquipmentRendererMixin,ru/pulse/mixin/EquipmentRendererMixin.java,True,False
ru.pulse.mixin.FinalLivingEntityRendererMixin,ru/pulse/mixin/FinalLivingEntityRendererMixin.java,True,False
ru.pulse.mixin.FramebufferMixin,ru/pulse/mixin/FramebufferMixin.java,True,False
ru.pulse.mixin.GameMenuScreenMixin,ru/pulse/mixin/GameMenuScreenMixin.java,True,False
ru.pulse.mixin.GameRendererAccessor,ru/pulse/mixin/GameRendererAccessor.java,True,False
ru.pulse.mixin.GameRendererMixin,ru/pulse/mixin/GameRendererMixin.java,True,False
ru.pulse.mixin.HandledScreenMixin,ru/pulse/mixin/HandledScreenMixin.java,True,False
ru.pulse.mixin.HeldItemRendererMixin$AnonymousClass1,ru/pulse/mixin/HeldItemRendererMixin.java,True,True
ru.pulse.mixin.HeldItemRendererMixin,ru/pulse/mixin/HeldItemRendererMixin.java,True,False
ru.pulse.mixin.InGameHudMixin,ru/pulse/mixin/InGameHudMixin.java,True,False
ru.pulse.mixin.InGameOverlayRendererMixin,ru/pulse/mixin/InGameOverlayRendererMixin.java,True,False
ru.pulse.mixin.ItemEntityRendererMixin,ru/pulse/mixin/ItemEntityRendererMixin.java,True,False
ru.pulse.mixin.ItemRendererMixin,ru/pulse/mixin/ItemRendererMixin.java,True,False
ru.pulse.mixin.ItemStackMixin,ru/pulse/mixin/ItemStackMixin.java,True,False
ru.pulse.mixin.KeyboardInputMixin,ru/pulse/mixin/KeyboardInputMixin.java,True,False
ru.pulse.mixin.KeyboardMixin,ru/pulse/mixin/KeyboardMixin.java,True,False
ru.pulse.mixin.LeavesBlockMixin,ru/pulse/mixin/LeavesBlockMixin.java,True,False
ru.pulse.mixin.LightmapTextureManagerMixin,ru/pulse/mixin/LightmapTextureManagerMixin.java,True,False
ru.pulse.mixin.LiteralTextMixin,ru/pulse/mixin/LiteralTextMixin.java,True,False
ru.pulse.mixin.LivingEntityMixin,ru/pulse/mixin/LivingEntityMixin.java,True,False
ru.pulse.mixin.LivingEntityRendererMixin,ru/pulse/mixin/LivingEntityRendererMixin.java,True,False
ru.pulse.mixin.MapMarkerDistanceMixin,ru/pulse/mixin/MapMarkerDistanceMixin.java,True,False
ru.pulse.mixin.MinecraftClientMixin,ru/pulse/mixin/MinecraftClientMixin.java,True,False
ru.pulse.mixin.MixinClientPlayNetworkHandler,ru/pulse/mixin/MixinClientPlayNetworkHandler.java,True,False
ru.pulse.mixin.MouseMixin,ru/pulse/mixin/MouseMixin.java,True,False
ru.pulse.mixin.NativeImageMixin,ru/pulse/mixin/NativeImageMixin.java,True,False
ru.pulse.mixin.OptionInstanceMixin,ru/pulse/mixin/OptionInstanceMixin.java,True,False
ru.pulse.mixin.OverlayRendererMixin,ru/pulse/mixin/OverlayRendererMixin.java,True,False
ru.pulse.mixin.ParticleManagerMixin,ru/pulse/mixin/ParticleManagerMixin.java,True,False
ru.pulse.mixin.PlayerEntityMixin,ru/pulse/mixin/PlayerEntityMixin.java,True,False
ru.pulse.mixin.PlayerEntityRendererMixin,ru/pulse/mixin/PlayerEntityRendererMixin.java,True,False
ru.pulse.mixin.PlayerListHudMixin,ru/pulse/mixin/PlayerListHudMixin.java,True,False
ru.pulse.mixin.PlayerListMixin,ru/pulse/mixin/PlayerListMixin.java,True,False
ru.pulse.mixin.PostEffectPassAccessor,ru/pulse/mixin/PostEffectPassAccessor.java,True,False
ru.pulse.mixin.PostEffectProcessorAccessor,ru/pulse/mixin/PostEffectProcessorAccessor.java,True,False
ru.pulse.mixin.PulseClickGuiScreenMixin,ru/pulse/mixin/PulseClickGuiScreenMixin.java,True,False
ru.pulse.mixin.ScoreboardMixin,ru/pulse/mixin/ScoreboardMixin.java,True,False
ru.pulse.mixin.ShaderLoaderAccessor,ru/pulse/mixin/ShaderLoaderAccessor.java,True,False
ru.pulse.mixin.ShulkerPreviewMixin,ru/pulse/mixin/ShulkerPreviewMixin.java,True,False
ru.pulse.mixin.SkyRenderingMixin,ru/pulse/mixin/SkyRenderingMixin.java,True,False
ru.pulse.mixin.SoundSystemMixin,ru/pulse/mixin/SoundSystemMixin.java,True,False
ru.pulse.mixin.SplashOverlayMixin,ru/pulse/mixin/SplashOverlayMixin.java,True,False
ru.pulse.mixin.TextMixin,ru/pulse/mixin/TextMixin.java,True,False
ru.pulse.mixin.TitleScreenMixin,ru/pulse/mixin/TitleScreenMixin.java,True,False
ru.pulse.mixin.TotemEffectMixin,ru/pulse/mixin/TotemEffectMixin.java,True,False
ru.pulse.mixin.WorldMixin,ru/pulse/mixin/WorldMixin.java,True,False
ru.pulse.mixin.WorldRendererMixin,ru/pulse/mixin/WorldRendererMixin.java,True,False
ru.pulse.mixin.accessor.BossBarHudAccessor,ru/pulse/mixin/accessor/BossBarHudAccessor.java,True,False
ru.pulse.mixin.accessor.CloseScreenS2CPacketAccessor,ru/pulse/mixin/accessor/CloseScreenS2CPacketAccessor.java,True,False
ru.pulse.mixin.accessor.GameRendererAccessor,ru/pulse/mixin/accessor/GameRendererAccessor.java,True,False
ru.pulse.mixin.accessor.ItemCooldownEntryAccessor,ru/pulse/mixin/accessor/ItemCooldownEntryAccessor.java,True,False
ru.pulse.mixin.accessor.ItemCooldownManagerAccessor,ru/pulse/mixin/accessor/ItemCooldownManagerAccessor.java,True,False
ru.pulse.mixin.accessor.MinecraftClientAccessor,ru/pulse/mixin/accessor/MinecraftClientAccessor.java,True,False
ru.pulse.mixin.accessor.PlayerInventoryAccessor,ru/pulse/mixin/accessor/PlayerInventoryAccessor.java,True,False
ru.pulse.mixin.accessor.PlayerListHudAccessor,ru/pulse/mixin/accessor/PlayerListHudAccessor.java,True,False
ru.pulse.protection.Protection,ru/pulse/protection/Protection.java,True,False
