class,url
ru.pulse.Pulse,https://api.pulsevisuals.pro/api
ru.pulse.Pulse,https://backend.pulsevisuals.pro
ru.pulse.Pulse,https://backend1.pulsevisuals.pro
ru.pulse.Pulse,https://backend2.pulsevisuals.pro
ru.pulse.Pulse,https://backend3.pulsevisuals.pro
ru.pulse.Pulse,https://backend4.pulsevisuals.pro
pulse.player.PulsePlayerTracker,https://dlnogqacbjwzrbgrtrtd.supabase.co
ru.pulse.Pulse,https://eu.pulsevisuals.pro
ru.pulse.Pulse,https://euapi.pulsevisuals.pro/api
pulse.player.PulsePlayerTracker,https://ofingkqficcmnvuzxykx.supabase.co
ru.pulse.Pulse,https://pulsevisuals.pro
